#pragma once
// snd-vocab.h -- GENERATED by scripts/lpc/gen_vocab.py from scripts/lpc/phrases.txt.
// Do not edit by hand; edit phrases.txt and re-run the generator.
// TMS5220 LPC-10 frames, Talkie bitstream order (LSB-first per byte), 8 kHz,
// 200 samples (25 ms) per frame. Voice: Microsoft David Desktop, SAPI rate -1. Decoded by snd-lpc.hpp.
// 85 phrases, 22153 bytes of LPC data.
#include <stdint.h>

enum SndVocab : uint8_t {
  VOC_N1 = 0, VOC_N2, VOC_N3, VOC_N4, VOC_N5, VOC_N6, VOC_N7, VOC_N8, VOC_N9, VOC_N10, VOC_N11,
  VOC_N12, VOC_N13, VOC_N14, VOC_N15, VOC_N16, VOC_N17, VOC_N18, VOC_N19, VOC_N20, VOC_N30, VOC_N40,
  VOC_N50, VOC_N60, VOC_N70, VOC_N80, VOC_N90, VOC_N100, VOC_DAY, VOC_DAWN_GREY, VOC_DAWN_THIN,
  VOC_DAWN_SUN, VOC_NIGHT, VOC_NIGHT2, VOC_TC1, VOC_TC2, VOC_TC3, VOC_TC4, VOC_TOO_LATE,
  VOC_WARNING, VOC_GUIDE, VOC_QUARTERMASTER, VOC_MEDIC, VOC_MULE, VOC_SCOUT, VOC_ENDURER, VOC_JOINS,
  VOC_LEAVES, VOC_DOWN, VOC_NO_ONE, VOC_WX0, VOC_WX1, VOC_WX2, VOC_WX3, VOC_WX4, VOC_WX5, VOC_QUAKE,
  VOC_FIRE, VOC_FLOOD, VOC_DARK, VOC_CORRECT, VOC_INCORRECT, VOC_LIGHT, VOC_CLEARED, VOC_STEP_UP,
  VOC_CARAVAN, VOC_BARGAIN, VOC_DOOM00, VOC_DOOM01, VOC_DOOM02, VOC_DOOM10, VOC_DOOM11, VOC_DOOM12,
  VOC_DOOM20, VOC_DOOM21, VOC_DOOM22, VOC_DOOM30, VOC_DOOM31, VOC_DOOM32, VOC_RUN, VOC_I_SEE_YOU,
  VOC_MINE, VOC_COME_HERE, VOC_WASTELAND, VOC_SURVIVORS,
  VOC_COUNT
};

static const uint8_t VOC_BITS_N1[] = {   // "one"  (frames=19, bytes=97)
  0xc0, 0x3a, 0x31, 0x5d, 0x58, 0xab, 0x72, 0xe8, 0x75, 0xd8, 0x10, 0xd6, 0x55, 0x65, 0x74, 0xfe,
  0x92, 0xc4, 0x57, 0xb5, 0x31, 0xf1, 0x59, 0x12, 0x5f, 0x34, 0xa6, 0x2c, 0x66, 0x51, 0x73, 0xf6,
  0x98, 0x93, 0xdf, 0xc4, 0xe8, 0x2a, 0x6b, 0xc9, 0x7e, 0x92, 0xac, 0xa7, 0x8e, 0xb5, 0x98, 0x0e,
  0x8e, 0x1c, 0x53, 0xb6, 0x6c, 0xc3, 0x34, 0xaa, 0x8c, 0xdb, 0xa2, 0x92, 0x74, 0xcb, 0x70, 0x66,
  0x8b, 0x46, 0xd2, 0x3c, 0xcc, 0x8b, 0x2d, 0x5a, 0x4e, 0xa9, 0x90, 0x2e, 0xd6, 0x64, 0x29, 0x38,
  0x53, 0x1a, 0x5a, 0xb3, 0x23, 0xa7, 0x4c, 0xb9, 0x08, 0xe0, 0x8e, 0x0b, 0x01, 0x26, 0x70, 0xc2,
  0x03,
};
static const uint8_t VOC_BITS_N2[] = {   // "two"  (frames=15, bytes=63)
  0xe0, 0x80, 0xc9, 0x42, 0x03, 0xb0, 0xcd, 0x46, 0x02, 0xac, 0x56, 0x1b, 0x55, 0xd1, 0xc2, 0x91,
  0xb5, 0x72, 0xd5, 0xd5, 0x2a, 0x79, 0xe4, 0xca, 0xd5, 0x55, 0x6f, 0xe4, 0x9e, 0x1d, 0xd6, 0x58,
  0x9c, 0x6a, 0xb8, 0x6f, 0x2c, 0x4b, 0x72, 0xae, 0xa9, 0xd1, 0x31, 0xac, 0x31, 0x5a, 0xa8, 0xfa,
  0x2c, 0xb5, 0xc6, 0x12, 0xc6, 0xaa, 0x93, 0xd1, 0x1a, 0x4b, 0x18, 0xab, 0x55, 0x05, 0x78,
};
static const uint8_t VOC_BITS_N3[] = {   // "three"  (frames=18, bytes=90)
  0xa0, 0x80, 0x2c, 0xdd, 0x43, 0xdb, 0xb4, 0xaa, 0x06, 0xb7, 0x4c, 0x4d, 0x28, 0xe4, 0x1e, 0x96,
  0x09, 0xd5, 0x7e, 0x60, 0xb9, 0x69, 0x4b, 0x57, 0xf8, 0x81, 0x6d, 0xe2, 0x2b, 0x53, 0x11, 0x27,
  0x96, 0x8b, 0xb7, 0x6a, 0x45, 0xae, 0x18, 0xa1, 0xd9, 0xaa, 0x55, 0xb5, 0xa1, 0x5a, 0xf8, 0xca,
  0xd5, 0xb4, 0xca, 0x64, 0x99, 0x2d, 0x5b, 0xdf, 0x02, 0x93, 0x75, 0x4e, 0x1e, 0x43, 0x77, 0x8a,
  0x3a, 0x31, 0x29, 0xcd, 0x3d, 0x30, 0x45, 0xe7, 0x60, 0xb7, 0xf4, 0x80, 0x56, 0x5d, 0xc6, 0xd1,
  0x52, 0x0d, 0x65, 0x99, 0xc9, 0x47, 0x80, 0x77, 0x3a, 0xf0,
};
static const uint8_t VOC_BITS_N4[] = {   // "four"  (frames=20, bytes=84)
  0x00, 0x80, 0x80, 0x96, 0xdb, 0x19, 0x50, 0x62, 0x44, 0x28, 0xb3, 0x89, 0x8c, 0x10, 0xc7, 0xa1,
  0x14, 0x73, 0xcc, 0xc8, 0x56, 0xb9, 0x52, 0x9c, 0x56, 0x47, 0x5f, 0xe5, 0x6a, 0x79, 0x53, 0x13,
  0xa2, 0x65, 0x6a, 0xcd, 0x74, 0x6b, 0xf4, 0x8e, 0x61, 0xf0, 0x43, 0x7d, 0x20, 0x3b, 0xa4, 0x29,
  0x2e, 0xce, 0x62, 0xeb, 0x51, 0x96, 0x74, 0xa8, 0x8a, 0x32, 0x23, 0x5a, 0xf2, 0xa2, 0x8c, 0x90,
  0x1e, 0x65, 0x2d, 0x9b, 0xdc, 0x92, 0x16, 0x10, 0x20, 0x26, 0x18, 0x04, 0x94, 0x82, 0x85, 0x80,
  0x1c, 0x29, 0xe1, 0x01,
};
static const uint8_t VOC_BITS_N5[] = {   // "five"  (frames=22, bytes=93)
  0x00, 0x80, 0x80, 0x96, 0xdb, 0x19, 0x50, 0x7d, 0x78, 0x6a, 0x92, 0xab, 0x34, 0xb5, 0x3a, 0xad,
  0x49, 0x76, 0x8a, 0xd5, 0x2f, 0xad, 0x26, 0xdb, 0x69, 0xd6, 0xb8, 0xbc, 0xda, 0xec, 0xba, 0x45,
  0x6b, 0xf2, 0x6a, 0x73, 0xe8, 0x12, 0xed, 0xc9, 0x67, 0x2b, 0xb6, 0x4b, 0x2d, 0xa6, 0xac, 0xad,
  0xf8, 0x0c, 0xf5, 0x9a, 0x3c, 0xf6, 0xe2, 0xc3, 0xcd, 0x6b, 0x4c, 0xda, 0x4b, 0x34, 0x37, 0xaf,
  0x49, 0x65, 0xcf, 0x41, 0xdd, 0x23, 0x27, 0x89, 0xbd, 0x38, 0x33, 0x71, 0x69, 0x44, 0x80, 0xea,
  0x42, 0x09, 0x50, 0x83, 0x3b, 0x01, 0x9a, 0x2d, 0x47, 0x40, 0xd1, 0xe9, 0xf0,
};
static const uint8_t VOC_BITS_N6[] = {   // "six"  (frames=24, bytes=93)
  0x80, 0x80, 0xa5, 0xdb, 0x18, 0x70, 0x74, 0x27, 0x01, 0xb6, 0x99, 0x34, 0xc0, 0x34, 0xcb, 0xa9,
  0xa8, 0xd2, 0x39, 0x3c, 0x6b, 0x8d, 0x22, 0x1b, 0x31, 0xf7, 0x9e, 0xbc, 0xaa, 0xea, 0x94, 0x2d,
  0xf3, 0xd6, 0x69, 0x5a, 0x51, 0x36, 0xcf, 0x59, 0xad, 0x6f, 0x55, 0xc4, 0x32, 0x2e, 0x85, 0xbe,
  0x55, 0x12, 0x4b, 0x3f, 0x25, 0x86, 0x36, 0x99, 0x2d, 0xfd, 0x31, 0x02, 0xa2, 0x01, 0x07, 0x04,
  0x94, 0x8e, 0x29, 0x80, 0x61, 0x3f, 0x08, 0x30, 0xdd, 0xb7, 0x00, 0x96, 0xb9, 0x26, 0xc0, 0xd6,
  0xb7, 0x02, 0xb8, 0xea, 0x86, 0x00, 0xdb, 0x9d, 0x13, 0x60, 0xa8, 0x31, 0x78,
};
static const uint8_t VOC_BITS_N7[] = {   // "seven"  (frames=24, bytes=112)
  0x80, 0x80, 0xa5, 0x27, 0x08, 0x70, 0x74, 0x27, 0x03, 0x96, 0xdd, 0x12, 0xc0, 0x36, 0x93, 0x0a,
  0x18, 0x2a, 0xb9, 0xe4, 0x59, 0x99, 0x46, 0x74, 0x95, 0x93, 0x57, 0x6b, 0x66, 0xba, 0x95, 0x4f,
  0x51, 0xbd, 0xbb, 0x59, 0x4f, 0x5e, 0x55, 0xf6, 0xee, 0x6e, 0x5d, 0x2b, 0x34, 0xc9, 0x86, 0x69,
  0xe8, 0x45, 0xd1, 0x27, 0x69, 0xaa, 0xae, 0x75, 0xca, 0x98, 0x9d, 0x99, 0xbb, 0x2d, 0x3a, 0x73,
  0x71, 0x6e, 0xe6, 0xbe, 0x72, 0x2d, 0xc5, 0xb9, 0x5a, 0xc4, 0xcd, 0xb4, 0x66, 0xad, 0x16, 0xee,
  0xa3, 0xdd, 0x1a, 0x8c, 0xb4, 0x58, 0xd8, 0x17, 0x6b, 0x36, 0x54, 0x5c, 0x29, 0x8f, 0xac, 0xc9,
  0x50, 0xd2, 0xb8, 0x52, 0xb6, 0x16, 0xcf, 0x8e, 0x59, 0x72, 0x11, 0x20, 0xa3, 0x14, 0xc0, 0x03,
};
static const uint8_t VOC_BITS_N8[] = {   // "eight"  (frames=16, bytes=61)
  0xb0, 0xfa, 0x66, 0x59, 0xa2, 0xab, 0xd2, 0xe9, 0x7b, 0x54, 0xf2, 0xce, 0x49, 0x67, 0x1a, 0xd1,
  0x51, 0x2b, 0x26, 0x9d, 0x65, 0x24, 0x25, 0xad, 0x9c, 0x34, 0x96, 0x9e, 0x88, 0xa2, 0x6a, 0x74,
  0x99, 0x5a, 0x20, 0xce, 0xaa, 0xc1, 0xae, 0xad, 0x8e, 0x38, 0x3b, 0x06, 0x8b, 0x3a, 0x2b, 0xe1,
  0xec, 0x8c, 0x8c, 0x00, 0x6d, 0x2c, 0x00, 0x10, 0x50, 0xac, 0x09, 0xc0, 0x03,
};
static const uint8_t VOC_BITS_N9[] = {   // "nine"  (frames=23, bytes=116)
  0xe0, 0x06, 0x6f, 0xac, 0x8c, 0x3d, 0x59, 0x19, 0x82, 0xd2, 0x36, 0x4e, 0x67, 0x63, 0x48, 0x2a,
  0xcc, 0xbc, 0x23, 0xaf, 0x21, 0xdb, 0x74, 0x8d, 0x8d, 0xb2, 0x86, 0xec, 0x2a, 0x24, 0x27, 0xca,
  0x1a, 0xb3, 0x9d, 0xe0, 0xea, 0xb2, 0x6b, 0xcc, 0x76, 0x82, 0xaa, 0xc3, 0xae, 0x29, 0xbb, 0x0e,
  0xce, 0x8e, 0xba, 0xe6, 0xec, 0x3b, 0x24, 0xbb, 0xec, 0x5a, 0x73, 0x08, 0xd7, 0x9e, 0x28, 0x63,
  0x2b, 0xd1, 0xcc, 0x7a, 0xc2, 0xb4, 0xad, 0x18, 0xf1, 0x8c, 0x2e, 0x8a, 0xb6, 0x68, 0xb8, 0xd5,
  0x53, 0xba, 0xdb, 0xa2, 0xe5, 0x92, 0x08, 0x79, 0x62, 0x8b, 0x96, 0x8b, 0xcb, 0xe9, 0xb3, 0x2d,
  0x5a, 0x0a, 0xce, 0x90, 0x47, 0xd6, 0xec, 0xc8, 0x29, 0x53, 0x1e, 0x02, 0xb8, 0xe3, 0x42, 0x80,
  0x09, 0x12, 0x00, 0x0f,
};
static const uint8_t VOC_BITS_N10[] = {   // "ten"  (frames=21, bytes=95)
  0x60, 0x80, 0x21, 0x82, 0x1d, 0x30, 0x5c, 0x51, 0xca, 0x9b, 0x65, 0x55, 0x1f, 0xd3, 0x23, 0x4f,
  0x46, 0xb2, 0xb2, 0xa8, 0x9c, 0xbc, 0x3a, 0xf1, 0x8c, 0xb1, 0x72, 0x8a, 0xea, 0xc4, 0x33, 0xd7,
  0xf6, 0xe9, 0x9b, 0x17, 0xf7, 0x58, 0xcb, 0x67, 0xa9, 0x4e, 0xdd, 0x73, 0xa2, 0x8c, 0xb5, 0x3a,
  0x0d, 0x8b, 0x09, 0x53, 0xb6, 0xe2, 0xd4, 0x2d, 0x3a, 0xa8, 0xda, 0x82, 0x96, 0x32, 0x4b, 0xeb,
  0x66, 0x8b, 0x86, 0x53, 0x32, 0xa4, 0xa1, 0x2d, 0x5a, 0x0e, 0x89, 0x90, 0xce, 0xb6, 0x64, 0x29,
  0xb8, 0x52, 0x1e, 0xdb, 0xb2, 0x25, 0xc7, 0x2a, 0xb9, 0x08, 0x90, 0x8e, 0x13, 0x00, 0x1e,
};
static const uint8_t VOC_BITS_N11[] = {   // "eleven"  (frames=24, bytes=128)
  0x50, 0xba, 0x66, 0x55, 0x3d, 0x6b, 0xf4, 0xe9, 0xaa, 0x74, 0xf3, 0xf0, 0x29, 0xad, 0x4f, 0xa6,
  0x83, 0xb5, 0xa6, 0xa4, 0x3e, 0x98, 0x31, 0x96, 0x1e, 0x1d, 0xfa, 0xc0, 0xcf, 0x51, 0x6a, 0x52,
  0xe8, 0x22, 0x3d, 0x87, 0xe8, 0xc9, 0xa3, 0xce, 0xfa, 0x8c, 0xac, 0xc6, 0xae, 0x2a, 0x9b, 0x31,
  0x89, 0x2e, 0xbb, 0xaa, 0x6c, 0xdb, 0xd5, 0x7a, 0x4c, 0xab, 0x92, 0xad, 0x10, 0x8b, 0xc9, 0xa6,
  0x89, 0x31, 0x8c, 0xd5, 0x27, 0x87, 0x2e, 0x1b, 0x53, 0x51, 0x9d, 0x3d, 0x86, 0x1c, 0xd4, 0xdc,
  0x72, 0xd1, 0x9a, 0x4a, 0x50, 0x57, 0x8f, 0x59, 0x63, 0x2e, 0xde, 0x55, 0x23, 0x2e, 0xb9, 0x39,
  0x69, 0xf1, 0x30, 0x2f, 0xe2, 0x96, 0x68, 0xa4, 0x4c, 0xdd, 0xba, 0x58, 0x92, 0xa1, 0x94, 0x48,
  0x6b, 0x64, 0xc9, 0x96, 0x83, 0x32, 0xe5, 0x21, 0x40, 0x7a, 0x2e, 0x04, 0xc8, 0x28, 0x09, 0x0f,
};
static const uint8_t VOC_BITS_N12[] = {   // "twelve"  (frames=25, bytes=118)
  0xe0, 0x80, 0x21, 0x82, 0x1d, 0xb0, 0x6c, 0x06, 0x02, 0x72, 0x4a, 0x13, 0x8d, 0xcf, 0x61, 0xa6,
  0x56, 0x3b, 0x35, 0xa6, 0x8c, 0xaa, 0xfa, 0xca, 0xd6, 0x44, 0x3f, 0xae, 0xe2, 0x1d, 0x56, 0x9b,
  0x5d, 0x86, 0xaa, 0x2f, 0x5a, 0x6d, 0x76, 0x11, 0x66, 0x39, 0x79, 0x75, 0xd9, 0x67, 0xa8, 0xe7,
  0xa4, 0x35, 0x64, 0xd7, 0xa1, 0xd6, 0x93, 0xd7, 0x90, 0xfd, 0x04, 0x7b, 0x8f, 0x69, 0x4b, 0x72,
  0x97, 0xec, 0x35, 0xa6, 0xac, 0xc9, 0x5c, 0xa1, 0xe7, 0xe8, 0xb0, 0x86, 0xbc, 0x81, 0xd1, 0xa5,
  0xc3, 0x12, 0xc2, 0x26, 0x59, 0x4d, 0x76, 0x4b, 0x74, 0x53, 0x44, 0x39, 0x09, 0x2d, 0xc1, 0xb5,
  0xa3, 0x78, 0xed, 0x30, 0x37, 0x9b, 0x2e, 0xce, 0xb6, 0x09, 0x50, 0x63, 0x29, 0x03, 0x9a, 0x4d,
  0x47, 0x40, 0x89, 0xe5, 0x00, 0x0f,
};
static const uint8_t VOC_BITS_N13[] = {   // "thirteen"  (frames=24, bytes=120)
  0xa0, 0x80, 0x6c, 0xcd, 0x46, 0x5b, 0xac, 0xa9, 0xb9, 0xcf, 0x1a, 0x6d, 0x2e, 0xac, 0x9e, 0x9e,
  0x6b, 0xb4, 0xb9, 0x93, 0x95, 0x59, 0x2e, 0xd7, 0xc6, 0x24, 0x62, 0xe3, 0x99, 0x50, 0xdb, 0x6d,
  0xaa, 0x99, 0xdb, 0x31, 0x40, 0x55, 0x46, 0x01, 0xe8, 0x51, 0x39, 0x55, 0x45, 0xa2, 0x4f, 0x97,
  0xe9, 0x56, 0x37, 0x85, 0x3a, 0x53, 0x46, 0x56, 0x33, 0x34, 0x63, 0x4f, 0x05, 0x5d, 0x5d, 0xd7,
  0x24, 0x5b, 0x2e, 0x7e, 0x0c, 0x4d, 0x92, 0x5d, 0xa9, 0xf5, 0x31, 0x75, 0xcd, 0x32, 0x25, 0xd6,
  0xc7, 0xd2, 0x0c, 0xd9, 0x86, 0x5a, 0x4f, 0x5b, 0xd6, 0x5c, 0xa5, 0x66, 0x5f, 0x6d, 0x51, 0xd3,
  0x18, 0x65, 0x7c, 0xb5, 0x45, 0xcb, 0x25, 0x11, 0xf2, 0xd1, 0x96, 0x2c, 0xbb, 0x58, 0x4a, 0x43,
  0x80, 0x0c, 0x92, 0x08, 0x50, 0x49, 0x12, 0x1e,
};
static const uint8_t VOC_BITS_N14[] = {   // "fourteen"  (frames=28, bytes=136)
  0x40, 0x80, 0xea, 0xdd, 0x43, 0x15, 0xbd, 0x67, 0xba, 0xda, 0x09, 0x95, 0xd8, 0xe1, 0x09, 0xd1,
  0xca, 0xd5, 0x72, 0x79, 0x24, 0xf8, 0xca, 0x50, 0xdb, 0xa9, 0x19, 0x14, 0x2b, 0x4a, 0x13, 0x1a,
  0x97, 0x4b, 0xae, 0x6a, 0x6d, 0x69, 0x18, 0x21, 0xde, 0x91, 0xb4, 0xa5, 0x82, 0xbb, 0x67, 0x2b,
  0xd3, 0x36, 0xa6, 0xcc, 0x1a, 0x76, 0x04, 0x30, 0xa4, 0xab, 0x01, 0x96, 0x0a, 0x0e, 0xf5, 0x88,
  0x4a, 0x2c, 0x5d, 0xa5, 0xd5, 0x4d, 0xa1, 0x6e, 0x97, 0x91, 0xd6, 0x74, 0x83, 0xb2, 0xd3, 0x46,
  0x46, 0xdb, 0x35, 0xc9, 0x96, 0x8b, 0x1f, 0x43, 0x53, 0xe4, 0x9b, 0x2a, 0xbd, 0x8d, 0x4d, 0xb2,
  0x6e, 0x8a, 0xf5, 0x36, 0x77, 0xc3, 0x32, 0x29, 0xd6, 0xcb, 0x5a, 0x95, 0xe8, 0x26, 0x87, 0x27,
  0x5b, 0x32, 0xdc, 0x41, 0x16, 0xdd, 0x6c, 0xc9, 0x72, 0x8b, 0x85, 0x74, 0xb1, 0x25, 0xcb, 0xc9,
  0x19, 0xf4, 0x10, 0x40, 0xbd, 0x14, 0x00, 0x3c,
};
static const uint8_t VOC_BITS_N15[] = {   // "fifteen"  (frames=26, bytes=121)
  0xc0, 0x80, 0x66, 0x43, 0x4b, 0x53, 0xac, 0xaa, 0xbb, 0xcf, 0x5a, 0x4d, 0x51, 0xa6, 0x5e, 0xbe,
  0x30, 0xb5, 0x51, 0xab, 0x67, 0xfa, 0x24, 0xd5, 0x16, 0x69, 0xa2, 0x6e, 0x4e, 0x09, 0x50, 0xb5,
  0x09, 0x20, 0x20, 0x1b, 0xb5, 0x00, 0x34, 0x6d, 0x58, 0xaa, 0xe9, 0x92, 0xc8, 0x22, 0xce, 0xa8,
  0x9b, 0x42, 0x9d, 0x2e, 0x23, 0xa3, 0x1e, 0x96, 0xa8, 0xa7, 0x82, 0xac, 0xb6, 0x6b, 0xe2, 0x6d,
  0x17, 0x37, 0x86, 0xae, 0xc9, 0x36, 0x54, 0xfa, 0x18, 0x9b, 0x22, 0x9f, 0x54, 0xf9, 0x6b, 0xee,
  0x86, 0x65, 0xd2, 0xcc, 0x97, 0xb5, 0x6a, 0xf6, 0x75, 0x89, 0x6e, 0xb6, 0xa2, 0x29, 0x46, 0xa4,
  0xbc, 0xdb, 0x82, 0x91, 0x72, 0x89, 0xe8, 0x64, 0x4b, 0x8e, 0x93, 0xd3, 0xe9, 0xb1, 0x35, 0x7b,
  0x71, 0x8d, 0x94, 0x86, 0x00, 0x99, 0x24, 0x01, 0x1e,
};
static const uint8_t VOC_BITS_N16[] = {   // "sixteen"  (frames=31, bytes=142)
  0x40, 0x80, 0xa5, 0xdb, 0x04, 0x70, 0x74, 0xa7, 0x02, 0x96, 0xd9, 0x70, 0x40, 0x61, 0x46, 0xa3,
  0x2c, 0x56, 0x24, 0xb2, 0x26, 0xaf, 0xb2, 0x65, 0xa6, 0x88, 0x9a, 0x84, 0xaa, 0xea, 0x10, 0xa7,
  0x63, 0x50, 0xa8, 0xdb, 0x31, 0x4f, 0x57, 0x59, 0x0a, 0x68, 0xd5, 0xd8, 0x00, 0x23, 0x7e, 0x0a,
  0x60, 0xd9, 0x6b, 0x02, 0x5c, 0xd7, 0x8d, 0x80, 0xeb, 0x3b, 0x18, 0xd0, 0x78, 0x48, 0xa9, 0xba,
  0x51, 0xf4, 0xe8, 0xca, 0xa3, 0xea, 0x16, 0x39, 0x6b, 0x43, 0xad, 0x66, 0x78, 0xa2, 0xea, 0x09,
  0xbc, 0xba, 0xae, 0x88, 0xa7, 0xc3, 0xdc, 0x1a, 0xba, 0x64, 0xd9, 0x16, 0xf3, 0x6d, 0x6c, 0x8a,
  0x6c, 0x53, 0xad, 0xaf, 0xa5, 0x29, 0xb6, 0x4d, 0xb1, 0x5e, 0xd6, 0xaa, 0xd8, 0x36, 0x38, 0xba,
  0xdb, 0x92, 0xe6, 0x2a, 0xd6, 0xea, 0x66, 0x8b, 0x86, 0xcb, 0x34, 0xac, 0x8b, 0x2d, 0x3a, 0x4e,
  0x2e, 0x63, 0x2a, 0xb6, 0xe2, 0xc5, 0xd9, 0x53, 0x2a, 0x02, 0x54, 0x94, 0x04, 0x78,
};
static const uint8_t VOC_BITS_N17[] = {   // "seventeen"  (frames=35, bytes=173)
  0x80, 0x80, 0xa5, 0x27, 0x18, 0x70, 0x74, 0x27, 0x01, 0x96, 0xdd, 0x52, 0xc0, 0x36, 0x93, 0x0a,
  0x18, 0x2a, 0xb9, 0xe4, 0x59, 0x9a, 0x66, 0x74, 0x95, 0x93, 0x57, 0x1b, 0x62, 0xd1, 0x93, 0x4e,
  0x5e, 0x83, 0x99, 0xdb, 0xd4, 0x5e, 0x45, 0x0e, 0xea, 0xee, 0x35, 0x39, 0x54, 0xd1, 0x6b, 0x98,
  0xc5, 0x64, 0xd5, 0x44, 0x69, 0xaa, 0xae, 0x75, 0x52, 0x9b, 0xbd, 0x9a, 0x7b, 0x36, 0x3a, 0x7d,
  0x71, 0xa6, 0x6e, 0x55, 0x73, 0x0c, 0x49, 0x99, 0x96, 0x67, 0x99, 0x30, 0x1a, 0x6b, 0x23, 0x92,
  0xee, 0xcc, 0xc8, 0x62, 0x64, 0xb0, 0x25, 0x27, 0x00, 0xe8, 0x66, 0x0a, 0xa8, 0x3c, 0xc4, 0x01,
  0xc3, 0x04, 0xa5, 0xb6, 0x08, 0xb2, 0xe9, 0x32, 0xdd, 0xda, 0x6e, 0xc1, 0x66, 0xda, 0xc8, 0xe8,
  0xba, 0x41, 0x99, 0x4e, 0xb1, 0x6b, 0xe8, 0x86, 0x74, 0x4b, 0xa5, 0x8f, 0xb1, 0x49, 0xf2, 0x0d,
  0x95, 0xdf, 0xe6, 0xae, 0x59, 0x37, 0xc4, 0xfa, 0x58, 0x9a, 0x12, 0xd9, 0xe6, 0xe8, 0x6c, 0x2b,
  0x8a, 0x7d, 0x54, 0xaa, 0x9b, 0x2d, 0x6a, 0x1a, 0xe3, 0x88, 0xcf, 0xb6, 0x68, 0x39, 0xd5, 0x43,
  0x3a, 0xdb, 0xb2, 0xe3, 0xa0, 0x0c, 0xba, 0x08, 0x10, 0x51, 0x13, 0xe0, 0x01,
};
static const uint8_t VOC_BITS_N18[] = {   // "eighteen"  (frames=24, bytes=117)
  0x30, 0xba, 0x11, 0x89, 0x72, 0xba, 0xf2, 0xe9, 0x66, 0x62, 0xf4, 0xee, 0xd2, 0xad, 0x1f, 0x16,
  0xa9, 0xb6, 0x8b, 0x84, 0xbe, 0x70, 0xcc, 0xde, 0x90, 0xcc, 0xfa, 0xc2, 0x45, 0xcc, 0xcd, 0x8e,
  0x00, 0xb2, 0x70, 0x09, 0xc0, 0xd0, 0x41, 0x0c, 0xa8, 0x96, 0x28, 0xd5, 0x45, 0x62, 0x6c, 0xa5,
  0x98, 0x51, 0x77, 0x83, 0x32, 0xd3, 0x46, 0x46, 0xdb, 0x35, 0xf1, 0x76, 0x0a, 0x5b, 0x7d, 0xd7,
  0x64, 0x9b, 0x2a, 0x7d, 0x8c, 0x4d, 0xb0, 0x6e, 0x89, 0xf5, 0x31, 0x37, 0x4d, 0x3e, 0xa1, 0xd2,
  0xc7, 0x52, 0x15, 0xdb, 0xa6, 0x5a, 0x77, 0x5b, 0x56, 0x1c, 0x2d, 0x52, 0xde, 0x6c, 0xc9, 0x70,
  0x3b, 0x7b, 0x74, 0xb3, 0x45, 0xcb, 0x25, 0x19, 0xf2, 0xc9, 0x96, 0x2d, 0xbb, 0x58, 0x8a, 0x43,
  0x80, 0x0c, 0x92, 0x00, 0x0f,
};
static const uint8_t VOC_BITS_N19[] = {   // "nineteen"  (frames=30, bytes=157)
  0xe0, 0x7a, 0x6f, 0xbc, 0x8c, 0x22, 0x59, 0xe9, 0xbd, 0xb2, 0x0a, 0xf6, 0x78, 0xab, 0x2f, 0x32,
  0xcd, 0xac, 0xca, 0x9c, 0xbe, 0xd8, 0x0a, 0xf1, 0xa9, 0x72, 0xfa, 0xec, 0x27, 0x38, 0xbb, 0xea,
  0xea, 0xb2, 0x9b, 0xe0, 0xea, 0xaa, 0xa7, 0x2b, 0xa1, 0x4c, 0xb2, 0xcb, 0x9e, 0xae, 0x58, 0x33,
  0xcf, 0x89, 0x52, 0xba, 0xa8, 0xa5, 0xc2, 0x92, 0x9e, 0xeb, 0xb8, 0x8f, 0x36, 0x8e, 0xe4, 0xac,
  0x13, 0x21, 0x2d, 0x98, 0xe2, 0xaa, 0xba, 0xdb, 0x90, 0x08, 0x37, 0x5d, 0xd2, 0xad, 0xcb, 0x34,
  0x22, 0x96, 0x01, 0x9a, 0x52, 0x4c, 0x75, 0x95, 0x68, 0xdb, 0x65, 0x64, 0xd4, 0xdd, 0xa0, 0xf4,
  0xb4, 0x91, 0xd1, 0x76, 0x4d, 0xbc, 0x9d, 0xe2, 0x56, 0xdf, 0x14, 0xf9, 0x96, 0x49, 0x1f, 0x63,
  0x93, 0xac, 0x5b, 0x62, 0x7d, 0xcc, 0x43, 0x29, 0xf7, 0xb0, 0xf9, 0xb6, 0x36, 0xcd, 0xb2, 0xc5,
  0xd1, 0xcd, 0x96, 0x35, 0x67, 0xb1, 0x86, 0x37, 0x5b, 0x34, 0xdc, 0xaa, 0x61, 0x1d, 0x6d, 0xd1,
  0x72, 0x4a, 0x84, 0x74, 0x04, 0xd0, 0xa0, 0x85, 0x00, 0x95, 0x24, 0x01, 0x1e,
};
static const uint8_t VOC_BITS_N20[] = {   // "twenty"  (frames=23, bytes=109)
  0xe0, 0x80, 0xae, 0x82, 0x03, 0x30, 0x4c, 0x05, 0x02, 0x4a, 0x49, 0x67, 0x40, 0xea, 0xe6, 0xa2,
  0x74, 0x39, 0xcc, 0xd5, 0x6b, 0xb7, 0x22, 0xc4, 0x72, 0x13, 0x5f, 0xb8, 0x8a, 0xe4, 0xd3, 0x35,
  0x62, 0xf6, 0xca, 0x8b, 0x37, 0xb5, 0xca, 0x29, 0x2b, 0xcf, 0x56, 0x3d, 0x6b, 0xc2, 0x84, 0x22,
  0x18, 0x8d, 0xf0, 0xa2, 0xa6, 0x4a, 0x9a, 0xd2, 0x9c, 0x2c, 0x9e, 0xa8, 0x9b, 0x74, 0x31, 0x77,
  0x49, 0x02, 0x88, 0xdc, 0xb5, 0xac, 0xcd, 0x32, 0x47, 0xd5, 0xe8, 0xb6, 0x35, 0xc7, 0xe4, 0x5d,
  0xa3, 0xd1, 0xd6, 0x9d, 0x60, 0x74, 0x0c, 0x0e, 0x7b, 0x0f, 0x4c, 0xd5, 0x11, 0xd4, 0xed, 0x3d,
  0x62, 0xb4, 0x1b, 0x75, 0x04, 0x78, 0x6b, 0x85, 0x00, 0x13, 0xac, 0xe0, 0x01,
};
static const uint8_t VOC_BITS_N30[] = {   // "thirty"  (frames=18, bytes=90)
  0x10, 0x96, 0xe1, 0xd2, 0xdd, 0xbc, 0x72, 0x69, 0x8b, 0x76, 0xd1, 0xf4, 0xc9, 0xab, 0xca, 0x4e,
  0xd5, 0x22, 0x3b, 0x8d, 0x2a, 0x67, 0xb6, 0x88, 0xc8, 0x34, 0xea, 0xdc, 0xd8, 0x3c, 0x35, 0x57,
  0x69, 0x52, 0x27, 0x4f, 0xb3, 0x9c, 0xa5, 0x2d, 0x99, 0x42, 0xd5, 0x1a, 0xa7, 0xb1, 0x3a, 0x11,
  0x75, 0x9f, 0x73, 0xd6, 0x16, 0x95, 0x35, 0x63, 0xb2, 0x59, 0x7b, 0x34, 0xd2, 0x8c, 0xcb, 0x65,
  0x6b, 0x81, 0x38, 0xb2, 0x47, 0xb9, 0xad, 0x39, 0xb4, 0xae, 0x0a, 0x82, 0xf6, 0x1e, 0x30, 0xda,
  0x54, 0x3a, 0x02, 0xbc, 0xd1, 0x41, 0x80, 0x71, 0x3a, 0xf0,
};
static const uint8_t VOC_BITS_N40[] = {   // "forty"  (frames=21, bytes=101)
  0x80, 0x80, 0x9a, 0x22, 0x18, 0x10, 0x82, 0x87, 0xaa, 0xe5, 0xf2, 0x34, 0xf0, 0x56, 0xae, 0x16,
  0x27, 0x3d, 0xc1, 0x5b, 0x85, 0x4a, 0x2d, 0x8f, 0x84, 0xe8, 0x18, 0x0a, 0xb7, 0x24, 0x9d, 0x72,
  0x45, 0x29, 0xe2, 0xe0, 0x74, 0xf2, 0x4e, 0xa5, 0xca, 0x9d, 0xd2, 0x55, 0x36, 0x9a, 0x36, 0x37,
  0x08, 0x4d, 0xeb, 0xc8, 0x86, 0x52, 0x41, 0x2c, 0x32, 0x49, 0x98, 0x5a, 0x30, 0x16, 0x8b, 0xd9,
  0x63, 0x69, 0xc9, 0x58, 0x23, 0x17, 0xb5, 0xb5, 0x05, 0x61, 0xaf, 0x9a, 0x1c, 0xb6, 0x16, 0x48,
  0xb2, 0x7a, 0x14, 0xda, 0xba, 0x67, 0xea, 0xce, 0x22, 0x6e, 0xef, 0x9e, 0x75, 0x42, 0x85, 0x23,
  0xc0, 0x5b, 0x2b, 0x80, 0x07,
};
static const uint8_t VOC_BITS_N50[] = {   // "fifty"  (frames=24, bytes=94)
  0x00, 0x00, 0x08, 0x68, 0xa9, 0xdc, 0x00, 0xd5, 0xbb, 0x96, 0xb4, 0x58, 0x51, 0x8f, 0x58, 0xb4,
  0x92, 0xea, 0x84, 0xbd, 0x72, 0xe2, 0x4a, 0xaa, 0x55, 0xf6, 0x8e, 0x4b, 0x29, 0x49, 0x96, 0x3d,
  0x32, 0x26, 0xa0, 0xd4, 0x31, 0x53, 0xab, 0x48, 0x8c, 0x80, 0xc8, 0x85, 0x81, 0x00, 0x59, 0x86,
  0x95, 0x7c, 0xea, 0x14, 0xb6, 0x88, 0xd9, 0xd6, 0xaa, 0x84, 0x62, 0x72, 0x74, 0x5b, 0x9b, 0x15,
  0xf2, 0xce, 0xd1, 0x6e, 0xeb, 0x5e, 0x30, 0x3a, 0x47, 0x87, 0xad, 0x07, 0xe2, 0xae, 0x0c, 0x6a,
  0xf6, 0x1e, 0xc8, 0xc6, 0x55, 0x3c, 0x02, 0xbc, 0xd5, 0x46, 0x80, 0x75, 0xda, 0xf0,
};
static const uint8_t VOC_BITS_N60[] = {   // "sixty"  (frames=27, bytes=118)
  0x80, 0x80, 0xa5, 0x27, 0x18, 0x70, 0x74, 0x27, 0x01, 0x96, 0xdd, 0x52, 0xc0, 0x36, 0x93, 0x0a,
  0x18, 0x2a, 0xb9, 0xa5, 0x45, 0x9b, 0x44, 0xe4, 0xe4, 0x93, 0xb6, 0x60, 0xac, 0x91, 0x97, 0x57,
  0xda, 0x92, 0x90, 0x57, 0x4e, 0x0e, 0x59, 0x4b, 0xc8, 0x9d, 0x35, 0x88, 0xe5, 0x4e, 0x92, 0x54,
  0x47, 0x23, 0x04, 0xd4, 0x4e, 0x65, 0x80, 0x56, 0x4f, 0x05, 0xd0, 0xeb, 0x87, 0x00, 0x96, 0xfd,
  0x42, 0xc0, 0xf7, 0x9d, 0x08, 0xd8, 0x3a, 0x5d, 0x00, 0x4d, 0x84, 0xb4, 0xb5, 0x5a, 0xa1, 0xe8,
  0x1c, 0x3d, 0xd6, 0xe6, 0x84, 0xbc, 0xf2, 0x92, 0xd8, 0xba, 0x33, 0xd4, 0xf1, 0x4b, 0x69, 0x6b,
  0x8e, 0xa4, 0x2b, 0x83, 0xb2, 0xbd, 0x07, 0xcc, 0x32, 0xa3, 0xae, 0xf6, 0xea, 0xb8, 0x83, 0x55,
  0x39, 0x02, 0x8c, 0xd3, 0x81, 0x07,
};
static const uint8_t VOC_BITS_N70[] = {   // "seventy"  (frames=29, bytes=143)
  0x80, 0x80, 0xa5, 0x27, 0x08, 0x70, 0x74, 0x27, 0x03, 0x96, 0xdd, 0x12, 0xc0, 0x36, 0x93, 0x06,
  0x18, 0x2a, 0xb9, 0xe4, 0x59, 0x9a, 0x66, 0x74, 0x95, 0x93, 0x57, 0x1b, 0x62, 0xde, 0x93, 0x4f,
  0x5e, 0x43, 0xa8, 0x79, 0x4d, 0x5a, 0x45, 0xf6, 0xe6, 0x1e, 0x31, 0x29, 0x54, 0xd1, 0x99, 0xbb,
  0xd9, 0x25, 0x51, 0x07, 0x69, 0x66, 0xae, 0x73, 0x4a, 0x9b, 0xad, 0x99, 0x87, 0xcd, 0x3a, 0x7d,
  0x31, 0x66, 0x16, 0xb1, 0x70, 0xf4, 0x59, 0xba, 0x94, 0x67, 0xe9, 0x34, 0x58, 0xeb, 0x65, 0x94,
  0xce, 0xd8, 0xc8, 0x52, 0xa4, 0x48, 0xb8, 0x43, 0x23, 0xcd, 0x61, 0x4a, 0x92, 0x34, 0x8c, 0xc3,
  0x94, 0x48, 0x9a, 0x6c, 0x07, 0x44, 0x61, 0x5a, 0xb6, 0x66, 0x84, 0xbc, 0x73, 0x54, 0xdb, 0x9a,
  0x27, 0x8e, 0xea, 0xd1, 0x66, 0x6f, 0x8e, 0xb8, 0xba, 0x06, 0xbb, 0xbd, 0x39, 0xd4, 0xa9, 0x30,
  0x46, 0xf6, 0x1e, 0x31, 0xcb, 0x94, 0x3a, 0x02, 0xac, 0xb7, 0x46, 0x80, 0xf5, 0xda, 0xf0,
};
static const uint8_t VOC_BITS_N80[] = {   // "eighty"  (frames=18, bytes=87)
  0x30, 0x9a, 0x11, 0x99, 0xb2, 0x26, 0xf2, 0xa9, 0x67, 0x11, 0xf0, 0xee, 0xc9, 0xad, 0x9e, 0x89,
  0xc1, 0xb7, 0x46, 0x8f, 0x7a, 0x38, 0xa4, 0xda, 0x2e, 0x92, 0xba, 0xa6, 0xc0, 0x67, 0xca, 0x0c,
  0x1a, 0x23, 0x17, 0xad, 0xce, 0xc8, 0x65, 0xee, 0x3a, 0x98, 0xc3, 0x66, 0xaf, 0xa5, 0x05, 0x63,
  0x49, 0xbf, 0xdd, 0xd6, 0x9e, 0x8c, 0x25, 0xe2, 0x72, 0xd9, 0x5a, 0x60, 0xf2, 0xac, 0x51, 0x69,
  0x6b, 0x1e, 0xad, 0x7b, 0x0a, 0x9b, 0xbd, 0x07, 0xb2, 0x09, 0x15, 0x8e, 0xf6, 0xe6, 0xa8, 0x4a,
  0x54, 0x3e, 0x02, 0x4c, 0xb0, 0x06, 0x78,
};
static const uint8_t VOC_BITS_N90[] = {   // "ninety"  (frames=23, bytes=119)
  0xe0, 0x46, 0xaf, 0x3d, 0x9d, 0x3c, 0x59, 0x1a, 0xbd, 0xd2, 0x76, 0x0e, 0x67, 0x63, 0xc8, 0x22,
  0xcd, 0x3c, 0x4b, 0x9f, 0xae, 0xd8, 0x72, 0xf1, 0x89, 0xb2, 0xea, 0xec, 0x2b, 0xb9, 0x36, 0xca,
  0xaa, 0xb2, 0x9f, 0xe0, 0xec, 0xaa, 0x27, 0x2f, 0xae, 0x4d, 0xaa, 0xaa, 0xae, 0xbc, 0x78, 0x35,
  0xeb, 0xb1, 0xbc, 0xf2, 0x6c, 0xd4, 0x33, 0x5b, 0x4a, 0xc8, 0xbd, 0xf5, 0x48, 0x35, 0x69, 0xa8,
  0x90, 0x25, 0xdc, 0x50, 0x93, 0x85, 0xa2, 0x6b, 0x17, 0x73, 0x33, 0xa5, 0x80, 0xcc, 0x42, 0xcb,
  0x5a, 0xb5, 0x70, 0x74, 0x0d, 0x6a, 0x6b, 0x73, 0xcc, 0x5e, 0x35, 0x59, 0x6c, 0xdd, 0x09, 0x46,
  0xe7, 0xe1, 0xb0, 0xf5, 0x40, 0x5c, 0x95, 0x41, 0xcd, 0xde, 0x23, 0x46, 0xbb, 0x4a, 0x47, 0x80,
  0xb7, 0x56, 0x08, 0x70, 0x4e, 0x1b, 0x1e,
};
static const uint8_t VOC_BITS_N100[] = {   // "hundred"  (frames=26, bytes=118)
  0x80, 0x80, 0xd4, 0xca, 0x19, 0x50, 0x75, 0x8f, 0x02, 0xa2, 0x1b, 0x2b, 0x65, 0x4a, 0x1d, 0xe8,
  0x15, 0x66, 0x14, 0x29, 0x4e, 0x70, 0x54, 0x99, 0x55, 0x64, 0xd7, 0xc1, 0xd1, 0x63, 0x47, 0x9e,
  0x7d, 0x99, 0xf8, 0x94, 0x1d, 0x79, 0x92, 0xee, 0xa6, 0x6d, 0x55, 0x15, 0xce, 0x58, 0x93, 0x86,
  0xda, 0x50, 0x6a, 0x6d, 0xed, 0xae, 0x4e, 0x42, 0xd9, 0x47, 0x1a, 0xa9, 0x26, 0x36, 0x40, 0x0d,
  0x2c, 0x69, 0x2c, 0x95, 0xd4, 0x42, 0x73, 0xb7, 0x29, 0x57, 0x8c, 0xd0, 0xe8, 0x38, 0xa6, 0x52,
  0xc9, 0x22, 0xbc, 0x67, 0x9b, 0x6b, 0x15, 0xd5, 0xf4, 0x8e, 0x6d, 0xae, 0x59, 0x44, 0xa3, 0x1a,
  0x85, 0xa5, 0x38, 0x51, 0xcb, 0x9a, 0x84, 0x56, 0x2e, 0x32, 0xaa, 0xac, 0x14, 0x01, 0x22, 0x4f,
  0x25, 0x40, 0x96, 0x6e, 0x00, 0xf0,
};
static const uint8_t VOC_BITS_DAY[] = {   // "day"  (frames=15, bytes=66)
  0x80, 0x00, 0x30, 0xdb, 0x10, 0x90, 0xa5, 0xeb, 0x9a, 0x9b, 0x35, 0x52, 0xcf, 0xca, 0xa3, 0xaf,
  0x5e, 0xd8, 0x7d, 0x2a, 0x9d, 0xbe, 0x06, 0x11, 0x8f, 0xa9, 0x74, 0x86, 0x16, 0x55, 0x3c, 0x6a,
  0xf2, 0x99, 0x5b, 0x52, 0xb5, 0xa8, 0xc9, 0x6d, 0x6d, 0x51, 0x24, 0xaa, 0x06, 0xa7, 0xad, 0x67,
  0x52, 0xcf, 0x0a, 0xe2, 0xb6, 0x9e, 0x28, 0xbd, 0x8c, 0x1a, 0xd9, 0x9a, 0xa7, 0x8c, 0x30, 0x79,
  0x00, 0x0f,
};
static const uint8_t VOC_BITS_DAWN_GREY[] = {   // "comes up grey over the waste."  (frames=71, bytes=365)
  0x20, 0x80, 0x92, 0xc8, 0x0d, 0x90, 0x3c, 0x6b, 0x29, 0x92, 0x0d, 0xf5, 0x88, 0xc2, 0xab, 0x48,
  0x21, 0x43, 0xa2, 0x23, 0x8f, 0x22, 0xdb, 0x49, 0x8a, 0x1c, 0x33, 0x8a, 0x6c, 0x26, 0x21, 0x6c,
  0xf6, 0x28, 0x92, 0x4b, 0x63, 0xa3, 0xcd, 0xa8, 0xf0, 0xd6, 0x3c, 0x54, 0x17, 0x97, 0x22, 0xe0,
  0x8c, 0x4c, 0x53, 0x9c, 0xca, 0x2f, 0xd5, 0x98, 0x3c, 0xb1, 0x00, 0x0e, 0x0f, 0x53, 0x40, 0xb0,
  0xee, 0xa5, 0xcc, 0x36, 0xcd, 0x2d, 0x27, 0xaf, 0x32, 0xbb, 0x0a, 0xb3, 0x9e, 0xbc, 0xea, 0x14,
  0xda, 0xcd, 0x7a, 0xb2, 0x6b, 0x62, 0x48, 0x17, 0xcd, 0x91, 0xa8, 0x85, 0x26, 0xc2, 0x25, 0x66,
  0x02, 0x02, 0x52, 0x50, 0x03, 0x04, 0xe4, 0x27, 0x2e, 0x80, 0xd8, 0xc9, 0x5d, 0xe7, 0x2b, 0x87,
  0xab, 0xb6, 0x0a, 0x6d, 0x18, 0xd8, 0x46, 0xd5, 0xb2, 0x34, 0x79, 0x52, 0x39, 0x45, 0xab, 0x55,
  0xd7, 0x49, 0x6e, 0xe6, 0xab, 0x56, 0xdd, 0x06, 0x99, 0x7a, 0xce, 0x5a, 0x75, 0x2b, 0x24, 0xe1,
  0x5b, 0x6b, 0x35, 0x3d, 0x30, 0x66, 0xf6, 0xe8, 0xd1, 0xf4, 0xc0, 0x98, 0x55, 0xa3, 0x57, 0xd5,
  0x02, 0x49, 0xc5, 0x54, 0x22, 0x55, 0xd6, 0xd4, 0xe3, 0x1b, 0xd9, 0x54, 0xc9, 0xb6, 0x9b, 0x45,
  0xc3, 0x51, 0xc7, 0xd0, 0xae, 0x9a, 0x2b, 0x4b, 0x1b, 0xfd, 0x06, 0xb9, 0xef, 0x68, 0x6d, 0x30,
  0x9b, 0x6a, 0xd2, 0xd3, 0xf5, 0x2e, 0xb5, 0xab, 0xc9, 0x8e, 0xd0, 0xdb, 0xe2, 0x61, 0x68, 0x9d,
  0x5c, 0x5f, 0x94, 0x9a, 0xba, 0x28, 0x09, 0x7d, 0xca, 0x6e, 0x1a, 0xea, 0x65, 0xf4, 0xb9, 0xb2,
  0xbb, 0x4b, 0xaf, 0x35, 0x66, 0x6f, 0x12, 0xee, 0xad, 0xd3, 0x9c, 0xac, 0x8b, 0x65, 0xcc, 0x12,
  0xb3, 0x32, 0xea, 0x61, 0x39, 0x29, 0x2c, 0x45, 0xb9, 0xaa, 0xeb, 0xec, 0xb1, 0x24, 0xeb, 0x1a,
  0x1a, 0x2b, 0xcb, 0x12, 0x7c, 0x99, 0xba, 0xe5, 0x74, 0x8b, 0x1c, 0xa9, 0x46, 0xbe, 0x91, 0xcc,
  0xec, 0x8a, 0x9a, 0x74, 0x18, 0x31, 0x8a, 0x63, 0x6c, 0x96, 0x95, 0x52, 0x6f, 0x4b, 0xab, 0x68,
  0x36, 0x1c, 0x7d, 0x8c, 0x63, 0x62, 0xb9, 0xb0, 0xf4, 0xd9, 0x85, 0x6b, 0xc4, 0xac, 0x33, 0xd4,
  0x20, 0xe6, 0xd6, 0x93, 0xc7, 0xd8, 0x92, 0x70, 0xd8, 0xcc, 0x5a, 0x73, 0x8f, 0x86, 0x1e, 0x71,
  0xa9, 0xac, 0x2d, 0x30, 0x67, 0xf4, 0xa9, 0xb0, 0xb6, 0x88, 0x66, 0xba, 0x45, 0x0c, 0x60, 0x2c,
  0x96, 0x02, 0xba, 0x4b, 0x64, 0xc0, 0x32, 0x97, 0x0c, 0x38, 0xa6, 0x92, 0x00, 0xdf, 0x76, 0x21,
  0xe0, 0x87, 0x2e, 0x40, 0xc0, 0x20, 0x69, 0x04, 0xe8, 0xba, 0x05, 0xe0, 0x01,
};
static const uint8_t VOC_BITS_DAWN_THIN[] = {   // "thin light. and we are still here."  (frames=111, bytes=418)
  0xc0, 0x80, 0x62, 0x55, 0x52, 0x96, 0xb5, 0x48, 0x56, 0x15, 0x59, 0x59, 0xb5, 0xac, 0x11, 0x53,
  0xfa, 0x64, 0xd5, 0xa8, 0x64, 0x74, 0xe9, 0x95, 0x55, 0xed, 0x1c, 0x5e, 0xa3, 0x4b, 0x1e, 0xa5,
  0x7b, 0x88, 0x97, 0x6b, 0x45, 0xb4, 0x11, 0x24, 0x99, 0x34, 0x55, 0xc1, 0x44, 0xa2, 0xa6, 0xdb,
  0x52, 0x07, 0x3d, 0xce, 0x92, 0xc9, 0x4a, 0x13, 0xe4, 0x25, 0x6a, 0xd4, 0x2d, 0x4d, 0xf0, 0x17,
  0xe8, 0x3d, 0x66, 0xb4, 0xc9, 0x5c, 0xb1, 0xd5, 0xe8, 0xd5, 0x66, 0xbb, 0xc5, 0xd6, 0x93, 0xcf,
  0x96, 0xc3, 0x84, 0xda, 0x54, 0x3e, 0x5b, 0xf1, 0x91, 0x12, 0x5b, 0x65, 0xed, 0x35, 0x99, 0x5a,
  0x56, 0x15, 0xb7, 0xd7, 0x20, 0xea, 0xd5, 0x65, 0xd2, 0x5e, 0x1d, 0x6b, 0x54, 0x0f, 0x46, 0x7b,
  0x91, 0x4a, 0xd1, 0x5e, 0x29, 0x0c, 0xc3, 0xa4, 0x88, 0x45, 0x62, 0x02, 0x74, 0x93, 0x84, 0x80,
  0xe2, 0x95, 0x00, 0x00, 0x00, 0x00, 0x00, 0x00, 0x00, 0x00, 0x00, 0x00, 0x00, 0x00, 0x00, 0x00,
  0x00, 0x00, 0x00, 0x00, 0x00, 0xc0, 0xf5, 0x3d, 0xba, 0x69, 0x56, 0x99, 0xd3, 0x77, 0xe7, 0xea,
  0x59, 0xa3, 0x4f, 0xdf, 0xad, 0x4b, 0x64, 0x4d, 0x3e, 0x7d, 0x35, 0x66, 0x19, 0x1b, 0x79, 0x0c,
  0x45, 0x89, 0xb9, 0x76, 0x98, 0x32, 0x04, 0x2d, 0xa5, 0x9a, 0x76, 0xc3, 0x10, 0xbc, 0xa5, 0xa9,
  0x2e, 0x76, 0x83, 0xf1, 0x56, 0x0a, 0x31, 0x17, 0x75, 0xa2, 0xb9, 0x0b, 0x75, 0xe5, 0x52, 0xfb,
  0x14, 0x64, 0x1e, 0x0b, 0x47, 0x55, 0x8c, 0x48, 0x86, 0x3e, 0x69, 0x55, 0x2f, 0x02, 0x5a, 0xb1,
  0x62, 0x55, 0x7d, 0x08, 0xb8, 0xc7, 0xc6, 0x56, 0xd5, 0x86, 0x92, 0x91, 0x2b, 0x56, 0x55, 0x07,
  0x59, 0x49, 0x74, 0x6c, 0x4d, 0x59, 0x14, 0x85, 0xd9, 0xa1, 0x75, 0x79, 0x90, 0x37, 0x67, 0x8f,
  0xd6, 0x97, 0x49, 0x1e, 0x1a, 0x3d, 0xda, 0x90, 0x23, 0x69, 0x66, 0xa4, 0x1c, 0xc3, 0xf5, 0xaa,
  0x0c, 0xee, 0xd6, 0x00, 0x4f, 0x98, 0x08, 0xe0, 0xdb, 0x0c, 0x02, 0x7c, 0x9f, 0x89, 0x80, 0x9f,
  0x26, 0x41, 0x00, 0x99, 0xbb, 0x8c, 0xaa, 0x3a, 0x61, 0x8f, 0x9a, 0x7c, 0xaa, 0x62, 0x5c, 0x3d,
  0x62, 0xf2, 0xa8, 0x92, 0x69, 0x53, 0xad, 0xc9, 0xad, 0x8e, 0x76, 0x9d, 0xb9, 0x27, 0xa7, 0xd6,
  0xfb, 0x55, 0xb6, 0x29, 0x6c, 0xba, 0x68, 0x4a, 0xd9, 0xca, 0x4e, 0xea, 0x8b, 0x52, 0x13, 0x2f,
  0x3b, 0xae, 0xaf, 0x86, 0x44, 0x73, 0x2c, 0xbb, 0xbe, 0x08, 0xd4, 0x98, 0x31, 0x95, 0xba, 0xca,
  0x49, 0x72, 0x2b, 0xf0, 0xe8, 0xba, 0x23, 0xf2, 0xe9, 0x59, 0xab, 0xef, 0x85, 0xd1, 0x2a, 0x57,
  0xb6, 0xb1, 0x35, 0x22, 0xcf, 0xdc, 0xd1, 0xe6, 0x3a, 0x50, 0xdd, 0x63, 0x63, 0x5b, 0xea, 0x42,
  0x77, 0xb7, 0x15, 0x65, 0x2b, 0x13, 0xd3, 0x2d, 0x56, 0x90, 0xad, 0x4c, 0x4c, 0x0f, 0x5b, 0xe0,
  0xb6, 0xb2, 0x21, 0x2d, 0xa3, 0x22, 0x02, 0x72, 0x86, 0x41, 0x40, 0x29, 0x50, 0x08, 0xc8, 0x09,
  0x1d, 0x1e,
};
static const uint8_t VOC_BITS_DAWN_SUN[] = {   // "another sun."  (frames=36, bytes=184)
  0xd0, 0xfa, 0xec, 0xca, 0x2d, 0xbb, 0xf2, 0xe9, 0x8b, 0x49, 0xb3, 0x98, 0x52, 0x67, 0xa8, 0x22,
  0x2c, 0xa2, 0x46, 0x99, 0x21, 0x09, 0x8b, 0x64, 0x2f, 0xdb, 0xba, 0x28, 0x2d, 0x83, 0xcb, 0xea,
  0xaa, 0x8b, 0x4c, 0x37, 0xeb, 0x4a, 0xa7, 0xcc, 0xae, 0x5c, 0xb3, 0xab, 0x8c, 0x3c, 0xb9, 0x0e,
  0xf5, 0x1e, 0xd3, 0xb2, 0x64, 0x2a, 0x4c, 0x6b, 0x88, 0xca, 0xbc, 0x35, 0x67, 0x9d, 0xd2, 0x21,
  0x2d, 0xda, 0xd4, 0x34, 0xaa, 0xac, 0x34, 0x5b, 0x35, 0xf7, 0x9c, 0xb5, 0xb2, 0xec, 0x45, 0xbd,
  0xa2, 0x53, 0xc8, 0x73, 0x24, 0x8d, 0x8c, 0x9e, 0x2d, 0xcf, 0x9e, 0xc4, 0xdb, 0x3b, 0xa2, 0xe2,
  0x68, 0x16, 0xe2, 0xf0, 0x6a, 0x80, 0x27, 0x55, 0x05, 0xf0, 0x74, 0x85, 0x00, 0x9e, 0xea, 0x32,
  0xc0, 0xe1, 0x6d, 0xad, 0x6b, 0x3c, 0xc5, 0x3d, 0x2a, 0xaf, 0x2e, 0xeb, 0x32, 0x8d, 0x9c, 0x3c,
  0xba, 0xe4, 0x2a, 0x24, 0xba, 0xf2, 0x1a, 0xb2, 0xed, 0x64, 0xaf, 0x32, 0x63, 0xcc, 0xae, 0x83,
  0xa3, 0xcb, 0xae, 0x25, 0xc5, 0x34, 0xad, 0x89, 0x52, 0xd6, 0xec, 0x52, 0x2d, 0xa6, 0x4c, 0xda,
  0xb2, 0x76, 0x35, 0xcb, 0xa2, 0x62, 0x8b, 0x8a, 0x4b, 0x22, 0xa5, 0x91, 0x2d, 0x19, 0x0e, 0xce,
  0x94, 0x86, 0x00, 0x1c, 0xb4, 0x00, 0xe0, 0x01,
};
static const uint8_t VOC_BITS_NIGHT[] = {   // "night falls."  (frames=38, bytes=189)
  0xe0, 0x46, 0xa7, 0xbd, 0x9c, 0x3d, 0x59, 0x1a, 0xbd, 0xb2, 0x0a, 0xf6, 0xf8, 0x6b, 0x28, 0x22,
  0xcd, 0x2c, 0xca, 0x9c, 0xae, 0xb8, 0x32, 0x8d, 0xae, 0x72, 0xea, 0xe2, 0x2b, 0xc4, 0xbb, 0xca,
  0xa9, 0x4a, 0x08, 0xb7, 0x9c, 0x2a, 0xa7, 0xa8, 0x41, 0xd5, 0x73, 0x2a, 0x8f, 0xa2, 0x79, 0x96,
  0xc8, 0x29, 0x6d, 0x8a, 0xac, 0x58, 0xaa, 0x6a, 0x74, 0x28, 0x9a, 0x37, 0x61, 0x57, 0x27, 0x04,
  0x28, 0xda, 0x85, 0x01, 0x3d, 0x64, 0x10, 0xa0, 0xb9, 0x0a, 0x01, 0x24, 0xe7, 0xde, 0xba, 0x10,
  0x3a, 0x55, 0x7c, 0x51, 0xeb, 0x63, 0x9c, 0x12, 0xf6, 0x5b, 0xa3, 0x4f, 0x76, 0x47, 0xc4, 0x1f,
  0xb6, 0x31, 0xa6, 0x2b, 0x92, 0x9a, 0x39, 0xa6, 0x64, 0x77, 0x98, 0xf3, 0xe6, 0x98, 0x93, 0xb9,
  0x61, 0x89, 0x9b, 0x65, 0x49, 0x7a, 0x47, 0x28, 0x17, 0x8c, 0x35, 0xe9, 0x1d, 0xc5, 0x5c, 0x10,
  0xd6, 0xa4, 0x77, 0x99, 0xe3, 0x66, 0xda, 0xa2, 0xbb, 0x46, 0xad, 0x89, 0x6a, 0x8b, 0x66, 0x9b,
  0x24, 0x47, 0xa9, 0x2d, 0xc4, 0x4d, 0xd2, 0x1a, 0x6d, 0xb6, 0xe8, 0xd7, 0x45, 0xb2, 0xaa, 0xdb,
  0x96, 0x68, 0x53, 0x37, 0x3b, 0x04, 0x98, 0x7c, 0x9c, 0x01, 0x57, 0x65, 0x21, 0x60, 0xcb, 0x6e,
  0x01, 0x7c, 0x59, 0x43, 0x80, 0x25, 0x2e, 0x11, 0xd0, 0xd4, 0x19, 0xc0, 0x03,
};
static const uint8_t VOC_BITS_NIGHT2[] = {   // "the dark comes down."  (frames=50, bytes=245)
  0xa0, 0x86, 0x6a, 0xd4, 0xdc, 0xcd, 0xca, 0x18, 0x8b, 0x35, 0xb1, 0x88, 0xc9, 0x6b, 0xac, 0x56,
  0xc5, 0xb4, 0x66, 0xa5, 0xa9, 0x2a, 0x15, 0xd3, 0xbc, 0x49, 0x26, 0xaa, 0xc3, 0xba, 0x3b, 0x60,
  0x1a, 0x87, 0x0e, 0x53, 0x73, 0x2b, 0xa3, 0xa8, 0xc6, 0x54, 0xd3, 0x5b, 0xaf, 0x22, 0x27, 0xf3,
  0x14, 0x5f, 0x35, 0xf2, 0x34, 0xdc, 0x43, 0xad, 0x63, 0xcb, 0xd2, 0x90, 0x2a, 0xb1, 0x8d, 0x25,
  0xcd, 0x8b, 0x7d, 0xd8, 0x3b, 0xa4, 0xb4, 0x4c, 0xf4, 0x74, 0x9d, 0xc9, 0xd2, 0x52, 0xc0, 0x52,
  0x72, 0x02, 0xca, 0x9d, 0x22, 0xf4, 0xca, 0x34, 0x00, 0xc0, 0x80, 0xb6, 0x39, 0x0c, 0x50, 0x12,
  0x49, 0xaa, 0x72, 0x10, 0x89, 0x48, 0xd3, 0xa3, 0x4e, 0x3e, 0x5d, 0xa2, 0x42, 0x8f, 0x36, 0x85,
  0x4e, 0x8e, 0x1a, 0x3b, 0xba, 0x14, 0xc6, 0x29, 0x63, 0xca, 0x18, 0x92, 0x2d, 0x63, 0xa3, 0xce,
  0x6e, 0x0c, 0xd6, 0xdc, 0x4d, 0x56, 0xa5, 0xc9, 0xc8, 0x88, 0x0a, 0x55, 0x63, 0x00, 0x05, 0x3b,
  0x11, 0x30, 0x59, 0x10, 0x03, 0x9e, 0x8f, 0x04, 0x08, 0xf3, 0x54, 0xa1, 0x66, 0x6e, 0x7a, 0x75,
  0xd5, 0x88, 0x44, 0x4e, 0xe9, 0xd3, 0x55, 0x2b, 0xe6, 0xb9, 0x91, 0x4f, 0x57, 0x9d, 0x5a, 0xc4,
  0x44, 0x5a, 0x7d, 0xf1, 0xe6, 0x9e, 0x13, 0xf9, 0x0c, 0x25, 0x84, 0x6b, 0x4e, 0x95, 0x31, 0x65,
  0x5f, 0xa1, 0xd1, 0x95, 0xd7, 0x92, 0x7d, 0x27, 0x7b, 0x55, 0x6d, 0x6b, 0x0a, 0xe3, 0x54, 0x55,
  0xb5, 0xad, 0xd9, 0x4e, 0x60, 0x65, 0x15, 0xb7, 0x25, 0x93, 0xc1, 0x91, 0x95, 0xdd, 0x16, 0x95,
  0xa6, 0x6a, 0x56, 0x25, 0x5b, 0xd2, 0x92, 0x12, 0x65, 0x5e, 0xad, 0xc9, 0xb2, 0x73, 0xa5, 0x5c,
  0x04, 0x88, 0x20, 0x09, 0xf0,
};
static const uint8_t VOC_BITS_TC1[] = {   // "the clock turns. something out there woke up."  (frames=141, bytes=511)
  0xe0, 0x86, 0x6a, 0xcc, 0xcd, 0x3d, 0xce, 0x18, 0x8a, 0x53, 0xb5, 0xf0, 0x59, 0x6d, 0xa8, 0x91,
  0xc5, 0x3d, 0x17, 0x8a, 0xa1, 0x78, 0xa4, 0x48, 0xbb, 0x41, 0xea, 0x6a, 0x8d, 0x49, 0x34, 0x31,
  0x02, 0xf2, 0xa3, 0x50, 0x40, 0x6c, 0xc6, 0x08, 0xc8, 0xa1, 0x95, 0x00, 0x3c, 0x95, 0xba, 0xd2,
  0x85, 0x75, 0xe6, 0x2e, 0xd3, 0xca, 0x68, 0xaf, 0x98, 0x6b, 0x52, 0x2b, 0x62, 0xbe, 0x24, 0x9b,
  0x49, 0x2b, 0x4f, 0x69, 0x8b, 0xb4, 0x27, 0x8f, 0x2c, 0xb5, 0x69, 0xd2, 0x69, 0x3c, 0xd2, 0x54,
  0x3a, 0x45, 0x7b, 0x4a, 0x49, 0x73, 0x0c, 0x57, 0xc9, 0x32, 0x28, 0x0b, 0x46, 0xa0, 0xb4, 0xaa,
  0x20, 0x00, 0x04, 0x0d, 0x00, 0x03, 0x0c, 0xae, 0xe1, 0x80, 0x91, 0x53, 0x43, 0x57, 0x32, 0xa9,
  0x85, 0x35, 0x2a, 0x5d, 0x6e, 0xe8, 0x95, 0xda, 0xa3, 0xf4, 0x79, 0x60, 0xb4, 0x64, 0x86, 0x32,
  0xe4, 0x81, 0x99, 0xe6, 0x2d, 0xdb, 0x94, 0x07, 0x45, 0xa6, 0x76, 0x28, 0x73, 0xee, 0x98, 0x91,
  0xd6, 0xa2, 0xac, 0x65, 0x60, 0x44, 0xc9, 0xca, 0xb1, 0x96, 0x4a, 0x1e, 0x15, 0x99, 0xca, 0x56,
  0x32, 0x7a, 0x8c, 0x2b, 0x0e, 0x5b, 0xf4, 0x9c, 0x56, 0xce, 0xcc, 0x6d, 0xc1, 0x6a, 0x8b, 0xa4,
  0x3d, 0xb6, 0x05, 0x23, 0x43, 0x1e, 0xee, 0xcc, 0x1e, 0xb5, 0x64, 0x51, 0x58, 0x25, 0x40, 0x60,
  0x1b, 0x04, 0xd8, 0x2a, 0x92, 0x00, 0x5b, 0x77, 0x13, 0xe0, 0x9a, 0x4c, 0x02, 0x3c, 0x55, 0x49,
  0x80, 0xa3, 0x23, 0x01, 0x00, 0x00, 0x00, 0x00, 0x00, 0x00, 0x00, 0x00, 0x00, 0x00, 0x00, 0x00,
  0x00, 0x00, 0x00, 0x00, 0x00, 0x00, 0x00, 0x00, 0x10, 0xf0, 0x4c, 0x15, 0x03, 0x8e, 0xe9, 0x61,
  0xc0, 0x51, 0x9d, 0x02, 0xd0, 0x3e, 0x7d, 0x15, 0xd9, 0x84, 0xb9, 0x75, 0xe5, 0x55, 0x64, 0x57,
  0xae, 0xde, 0x93, 0x47, 0x91, 0x6c, 0x07, 0xa5, 0xcf, 0x4e, 0x79, 0xf0, 0x61, 0xa2, 0xb2, 0x5a,
  0xe4, 0x5a, 0x97, 0x5b, 0x50, 0x1d, 0x92, 0x7b, 0xef, 0x51, 0x42, 0x76, 0x10, 0x40, 0x42, 0x1a,
  0x01, 0x92, 0x53, 0x2f, 0x59, 0xd2, 0xea, 0x51, 0x53, 0x66, 0xe4, 0x55, 0x0b, 0x57, 0x76, 0xa9,
  0x91, 0x67, 0x29, 0xf1, 0x6a, 0xf2, 0x52, 0x61, 0x83, 0x37, 0x78, 0x65, 0x36, 0x55, 0xd0, 0x36,
  0x8e, 0x99, 0x6e, 0xd4, 0x55, 0x73, 0x76, 0x94, 0xd4, 0xd6, 0x56, 0x27, 0x91, 0x35, 0x56, 0x4e,
  0x5b, 0xbd, 0x86, 0x67, 0x47, 0x3e, 0x6d, 0xf1, 0xe9, 0xe6, 0x5d, 0x79, 0x35, 0xd9, 0x57, 0xa8,
  0x4d, 0x95, 0xd6, 0xc4, 0x5c, 0xa6, 0xb9, 0x61, 0x5d, 0x13, 0x52, 0xaa, 0xe4, 0x98, 0x41, 0x0d,
  0x77, 0xc6, 0x92, 0x6d, 0x09, 0xa0, 0x6d, 0xcd, 0xb1, 0xba, 0xf7, 0x98, 0x33, 0x36, 0x6f, 0xa4,
  0x59, 0x2d, 0xdb, 0x58, 0x33, 0xb3, 0x57, 0x74, 0x6c, 0x53, 0x69, 0xe8, 0x29, 0xd9, 0x31, 0x4d,
  0xa9, 0x51, 0xba, 0xca, 0xca, 0x30, 0x99, 0xae, 0x15, 0x64, 0x1b, 0xd0, 0x24, 0xb6, 0x98, 0x49,
  0xd6, 0x0c, 0xa3, 0xcf, 0x65, 0xaa, 0xd6, 0xb1, 0x0d, 0x31, 0x96, 0x8b, 0xfa, 0xc6, 0x31, 0xc4,
  0xd0, 0x2e, 0xea, 0x1b, 0xcb, 0x10, 0xed, 0xb8, 0x8a, 0x75, 0x0c, 0xa3, 0xf7, 0xa3, 0x14, 0xf6,
  0x12, 0x01, 0x60, 0xb3, 0x20, 0x40, 0x38, 0x16, 0x06, 0x94, 0xa6, 0x52, 0x86, 0xe2, 0x55, 0xd2,
  0xb2, 0xd6, 0x19, 0x8a, 0x0b, 0x73, 0x8f, 0x59, 0x6b, 0x2a, 0xa6, 0xc2, 0x2c, 0x67, 0xad, 0xb5,
  0x98, 0x4e, 0xf5, 0xb8, 0x3c, 0xd6, 0xec, 0x3b, 0xd5, 0x6a, 0x72, 0x59, 0x8b, 0xea, 0x54, 0xb7,
  0xd3, 0x62, 0xcd, 0xb6, 0x52, 0xcc, 0x2f, 0x21, 0x80, 0x16, 0x73, 0x00, 0x00, 0x80, 0x07,
};
static const uint8_t VOC_BITS_TC2[] = {   // "the clock turns again. the waste is paying attention."  (frames=159, bytes=638)
  0xe0, 0x86, 0x6a, 0xcc, 0xcd, 0x3d, 0xce, 0x18, 0x8a, 0x53, 0xb5, 0xf0, 0x59, 0x6d, 0xa8, 0x91,
  0xc5, 0x3d, 0x17, 0x8a, 0xa1, 0x78, 0xa4, 0x48, 0xbb, 0xc1, 0xea, 0x6a, 0x8d, 0x49, 0x34, 0x31,
  0x02, 0xf2, 0xa3, 0x30, 0x40, 0x6c, 0xc6, 0x08, 0xc8, 0xa1, 0x95, 0x00, 0x3c, 0x95, 0x86, 0xd2,
  0x85, 0x75, 0xe6, 0x2e, 0xd3, 0xca, 0x68, 0xaf, 0x98, 0x6b, 0x52, 0x2b, 0x62, 0xbe, 0x24, 0x9b,
  0x49, 0x2b, 0x4f, 0x69, 0x8b, 0xb4, 0x27, 0xaf, 0x2c, 0xb5, 0x69, 0xd2, 0x69, 0x3c, 0xd2, 0x54,
  0x3a, 0x45, 0x7b, 0x4a, 0x4b, 0x73, 0x0c, 0x57, 0xc9, 0x32, 0x28, 0x0b, 0x46, 0xa0, 0xb4, 0xaa,
  0x20, 0x00, 0x04, 0x0d, 0x00, 0x01, 0x34, 0x66, 0x11, 0x80, 0x19, 0xca, 0x42, 0xdd, 0x46, 0x98,
  0x1a, 0xa5, 0x29, 0x75, 0xee, 0x64, 0x59, 0xd2, 0xa3, 0xd5, 0x79, 0x62, 0xb4, 0x79, 0x8f, 0xd2,
  0xe4, 0x89, 0x91, 0x29, 0x1b, 0x5b, 0x9b, 0x3b, 0x79, 0x86, 0x65, 0x1c, 0x5d, 0x69, 0x68, 0x15,
  0xe5, 0xa9, 0x0d, 0x29, 0xb0, 0x67, 0x04, 0x32, 0x35, 0x39, 0xe7, 0x25, 0x94, 0xce, 0xc3, 0x2c,
  0x7d, 0x44, 0x52, 0xd8, 0x4f, 0xf3, 0x02, 0x62, 0xe6, 0x65, 0x53, 0x01, 0x8b, 0x98, 0xa5, 0x6e,
  0xd0, 0x10, 0x09, 0xef, 0x35, 0xfa, 0xe2, 0x58, 0xc3, 0x73, 0x76, 0x19, 0x5b, 0x21, 0xf2, 0x8c,
  0x5b, 0x68, 0x6c, 0x19, 0xa8, 0x27, 0x0f, 0xba, 0xb1, 0x30, 0xb4, 0xc8, 0x48, 0x23, 0x80, 0xc2,
  0x29, 0x47, 0xd7, 0x8d, 0x90, 0x4f, 0x8d, 0x3e, 0x7d, 0x73, 0xac, 0x51, 0x13, 0x79, 0xf5, 0xcd,
  0x89, 0x46, 0x75, 0xe9, 0x33, 0x34, 0xa7, 0xe6, 0xd5, 0x65, 0xd6, 0x54, 0x9d, 0xba, 0x57, 0x47,
  0x59, 0x6b, 0xb5, 0x1a, 0x1e, 0x53, 0xa6, 0x6c, 0xc5, 0x9a, 0x7b, 0x76, 0x19, 0xb3, 0x65, 0x6b,
  0xe6, 0x91, 0x41, 0xcd, 0x1e, 0x8d, 0xa4, 0x7a, 0x5a, 0x43, 0x7b, 0x32, 0x9c, 0x5c, 0x29, 0x1d,
  0x01, 0x34, 0x68, 0x01, 0x00, 0x00, 0x00, 0x00, 0x00, 0x00, 0x00, 0x00, 0x00, 0x00, 0x00, 0x00,
  0x00, 0x00, 0x00, 0x00, 0x00, 0x00, 0x00, 0x00, 0x02, 0xa8, 0xb7, 0x48, 0x43, 0xb1, 0xa1, 0x1c,
  0x36, 0xab, 0x0d, 0x31, 0x84, 0xba, 0x44, 0xcb, 0x34, 0xda, 0x52, 0xea, 0xe4, 0x1d, 0xd5, 0xc8,
  0x67, 0x89, 0xb2, 0xaf, 0x24, 0x03, 0x7b, 0x6c, 0x61, 0x29, 0x16, 0xf5, 0xfc, 0xb1, 0xa4, 0x87,
  0xd9, 0x50, 0xeb, 0xd6, 0x2c, 0x9e, 0x35, 0x47, 0x91, 0x52, 0xa9, 0x49, 0x36, 0x3a, 0x45, 0xf5,
  0xa6, 0x2e, 0xb1, 0xe8, 0x14, 0x3d, 0x0a, 0x85, 0xd7, 0xe4, 0x55, 0x8c, 0x6c, 0xe0, 0x5e, 0xb7,
  0x4a, 0x31, 0x32, 0x43, 0xc5, 0x8c, 0x4e, 0x45, 0xd1, 0x10, 0x55, 0x4b, 0xca, 0x00, 0x42, 0xb3,
  0x21, 0x60, 0xe9, 0x31, 0x06, 0x1c, 0xb3, 0x0d, 0xe0, 0x9a, 0x6a, 0x8c, 0x3c, 0x6a, 0x52, 0x6b,
  0xab, 0x13, 0x8a, 0xa8, 0xd1, 0xad, 0x2f, 0x96, 0xa5, 0x7c, 0x47, 0xab, 0x21, 0x29, 0x91, 0xf6,
  0x99, 0x64, 0x00, 0x0f, 0xd2, 0x0d, 0xf0, 0x75, 0x18, 0x01, 0x1a, 0x96, 0x00, 0x70, 0x79, 0x0b,
  0xad, 0x9c, 0x5e, 0xbb, 0x54, 0x2d, 0x8a, 0x6a, 0x96, 0x99, 0x53, 0x35, 0x2f, 0x1a, 0x39, 0x66,
  0x46, 0xd5, 0xbd, 0x88, 0xc7, 0x56, 0x5e, 0x55, 0x0f, 0x4c, 0x51, 0x53, 0x7a, 0x55, 0xc3, 0x0b,
  0x45, 0xf5, 0xe8, 0x53, 0x75, 0xcf, 0x9c, 0x35, 0xa5, 0x53, 0xd5, 0x2c, 0xd9, 0x54, 0x49, 0x5d,
  0x75, 0xb7, 0xa4, 0xeb, 0x26, 0xdd, 0x35, 0x49, 0x71, 0x37, 0x78, 0xba, 0xd4, 0x7a, 0xab, 0xc3,
  0x5c, 0x59, 0x5b, 0x5b, 0x35, 0xf9, 0x99, 0xda, 0x1f, 0x7d, 0xb3, 0x6c, 0x55, 0x15, 0x7a, 0x8d,
  0xcd, 0x8b, 0x78, 0xf4, 0x64, 0x34, 0x16, 0xa5, 0xe8, 0x9d, 0xa5, 0x11, 0x00, 0xe2, 0x24, 0x03,
  0xaa, 0x08, 0x71, 0xc0, 0x92, 0x2d, 0xa1, 0xe9, 0x3e, 0x50, 0x2c, 0xcb, 0xb4, 0x26, 0x1a, 0xa9,
  0xac, 0xa4, 0xb2, 0xda, 0xea, 0x39, 0xa2, 0x46, 0xf6, 0x6a, 0xab, 0xe3, 0xf0, 0x5a, 0xd9, 0xab,
  0x2b, 0x5a, 0xbd, 0x62, 0xa9, 0x86, 0x2e, 0x6a, 0xb3, 0xb6, 0x42, 0x17, 0x3a, 0x9e, 0xdd, 0x45,
  0xc3, 0x6b, 0xe9, 0xb7, 0x62, 0xd7, 0x0c, 0xd3, 0x06, 0xb8, 0x2d, 0x3a, 0x01, 0x3b, 0xf7, 0x06,
  0xa0, 0x73, 0xb6, 0xb6, 0x16, 0xa3, 0xe6, 0x95, 0x33, 0xda, 0x9a, 0x9d, 0x5a, 0x64, 0x4f, 0x0c,
  0x6b, 0xd2, 0xea, 0x69, 0x5a, 0x46, 0x6d, 0xc9, 0x4a, 0x99, 0x58, 0x74, 0xb3, 0x05, 0x2b, 0xa5,
  0x1e, 0xf6, 0xd1, 0x96, 0x2c, 0x27, 0x95, 0xcb, 0x43, 0x00, 0xf3, 0xd2, 0x00, 0x0f,
};
static const uint8_t VOC_BITS_TC3[] = {   // "the clock turns. nothing out here is sleeping now."  (frames=154, bytes=634)
  0x10, 0x86, 0x6a, 0xcc, 0xcd, 0x3d, 0xce, 0x18, 0x8a, 0x53, 0xb5, 0xf0, 0x59, 0x63, 0xa8, 0x91,
  0xc5, 0x3d, 0x17, 0x92, 0xa1, 0x78, 0xa4, 0x48, 0xbb, 0xa1, 0xea, 0x6a, 0x8d, 0x49, 0x34, 0x31,
  0x02, 0xf2, 0xa3, 0x30, 0x40, 0x6c, 0xc6, 0x04, 0xc8, 0xa1, 0x95, 0x00, 0x3c, 0x95, 0x86, 0xd2,
  0x85, 0x75, 0xe6, 0x2e, 0xd3, 0xca, 0x68, 0xaf, 0x98, 0x6b, 0x52, 0x2b, 0x62, 0xbe, 0x24, 0x9b,
  0x49, 0x2b, 0x4f, 0x69, 0x8b, 0xb4, 0x27, 0xaf, 0x2c, 0xb5, 0x69, 0xd2, 0x69, 0x3c, 0xd2, 0x54,
  0x3a, 0x45, 0x7b, 0x4a, 0x4b, 0x73, 0x0c, 0x57, 0xc9, 0x32, 0x28, 0x0b, 0x46, 0xa0, 0xb4, 0xaa,
  0x20, 0x00, 0x04, 0x0d, 0x00, 0x03, 0x0c, 0xae, 0x11, 0x80, 0x91, 0x53, 0x53, 0x57, 0x32, 0xa9,
  0x85, 0x35, 0x6a, 0x5d, 0x6e, 0xe8, 0x95, 0xda, 0xa3, 0xf4, 0x79, 0x60, 0xb4, 0x64, 0x86, 0x36,
  0xe4, 0x81, 0x99, 0xe6, 0x2d, 0xdb, 0x94, 0x07, 0x45, 0xa6, 0x76, 0x28, 0x73, 0xee, 0x98, 0x91,
  0xd6, 0xa2, 0xad, 0x65, 0x60, 0x44, 0xc9, 0xca, 0xb5, 0x96, 0x4a, 0x1e, 0x15, 0x99, 0xda, 0x56,
  0x32, 0x7a, 0x8c, 0x2b, 0x76, 0x5b, 0xf4, 0x9c, 0x56, 0xce, 0x2c, 0x6c, 0xc1, 0x6a, 0x8b, 0xa4,
  0x3d, 0xb2, 0x05, 0x23, 0x43, 0x1e, 0xee, 0xdc, 0x1e, 0xb5, 0x64, 0x51, 0x58, 0x25, 0x40, 0x60,
  0x1b, 0x0c, 0xd8, 0x2a, 0x92, 0x00, 0x5b, 0x77, 0x33, 0xe0, 0x9a, 0x4c, 0x06, 0x3c, 0x55, 0x49,
  0x80, 0xa3, 0x23, 0x01, 0x00, 0x00, 0x00, 0x00, 0x00, 0x00, 0x00, 0x00, 0x00, 0x00, 0x00, 0x00,
  0x00, 0x00, 0x00, 0x00, 0x00, 0x00, 0x00, 0x4c, 0xef, 0xb5, 0x97, 0x53, 0x24, 0x4b, 0x83, 0x57,
  0xda, 0x2e, 0xee, 0xbc, 0x0c, 0x51, 0x68, 0x94, 0x58, 0xb4, 0xd1, 0x65, 0x1d, 0x66, 0xde, 0xa5,
  0x4e, 0x5d, 0x6c, 0x86, 0x5a, 0x57, 0x5e, 0x55, 0x76, 0xed, 0xea, 0x3d, 0xa6, 0x15, 0x29, 0x94,
  0xab, 0x4f, 0x11, 0x57, 0x04, 0x9b, 0xaa, 0xd6, 0xa2, 0x59, 0x51, 0xa5, 0xb2, 0x86, 0xcb, 0x81,
  0x50, 0x54, 0x15, 0xec, 0x19, 0x51, 0x56, 0x59, 0xb4, 0x68, 0xe5, 0x94, 0x1e, 0x65, 0x55, 0xc2,
  0x57, 0x61, 0xb4, 0x54, 0x51, 0x49, 0x17, 0x84, 0xb7, 0x52, 0x3b, 0xe7, 0xad, 0x54, 0x69, 0x47,
  0xdd, 0x0c, 0xf9, 0xba, 0x49, 0x1b, 0x4d, 0x35, 0xe2, 0x93, 0x15, 0xfa, 0xb4, 0xd5, 0x49, 0x64,
  0x75, 0xe4, 0xd3, 0x16, 0xef, 0xe1, 0x31, 0x91, 0x4f, 0x5b, 0x62, 0x86, 0xda, 0x54, 0x59, 0x4d,
  0x0a, 0xed, 0x1a, 0x53, 0x79, 0x34, 0xc9, 0xa7, 0x4b, 0x74, 0x99, 0xd0, 0x24, 0x65, 0x2e, 0x99,
  0xb5, 0x44, 0x3b, 0x9c, 0xab, 0x78, 0x58, 0x0e, 0x7d, 0x33, 0xc4, 0x96, 0x1b, 0xcb, 0xf4, 0x45,
  0xa0, 0xd5, 0x8c, 0xa9, 0xd2, 0x35, 0xc9, 0xe4, 0x97, 0xa5, 0x46, 0xd7, 0x23, 0xa3, 0x4e, 0x2e,
  0x6c, 0x7d, 0x6b, 0x44, 0x11, 0xb9, 0x71, 0x0c, 0xb5, 0xa3, 0x15, 0x75, 0xab, 0x36, 0xe6, 0x4a,
  0xda, 0x12, 0x3d, 0xca, 0x98, 0x07, 0x66, 0x4a, 0x74, 0x68, 0x43, 0x99, 0x98, 0x66, 0xd1, 0x12,
  0xf5, 0xb5, 0x43, 0x7a, 0xe6, 0xc2, 0xd2, 0xd7, 0x88, 0x5a, 0xd9, 0xb5, 0xda, 0x58, 0xb4, 0x70,
  0x46, 0x8f, 0x4e, 0x63, 0x36, 0xc2, 0xe9, 0x33, 0xba, 0x8c, 0x95, 0x39, 0x69, 0x55, 0x2b, 0x03,
  0x54, 0x68, 0xcc, 0x80, 0x6d, 0x3a, 0x15, 0xb0, 0xf5, 0x36, 0x03, 0x96, 0x9a, 0x12, 0x40, 0x71,
  0x2e, 0xa1, 0x8d, 0xda, 0xd3, 0xc9, 0x9b, 0x94, 0x26, 0x98, 0x36, 0xd6, 0x89, 0xb2, 0x9a, 0x6c,
  0x8a, 0xcd, 0x27, 0xda, 0x6a, 0xaa, 0x51, 0x76, 0x9f, 0xba, 0xad, 0xee, 0x1e, 0x29, 0x6a, 0x2b,
  0x97, 0xba, 0x5b, 0xc4, 0x9a, 0x29, 0x8d, 0xea, 0x24, 0x58, 0x22, 0x72, 0x0a, 0x02, 0xc0, 0x6a,
  0x87, 0x30, 0x56, 0xcf, 0xe2, 0x15, 0x55, 0xd6, 0xd8, 0x1d, 0x53, 0x56, 0x8f, 0x1a, 0x53, 0x37,
  0x44, 0xdb, 0x6e, 0xac, 0xcc, 0x59, 0x51, 0x37, 0x84, 0xdb, 0x32, 0x07, 0xab, 0x83, 0x9a, 0x5e,
  0xdd, 0x1c, 0x8c, 0x0c, 0x4b, 0xb8, 0x4b, 0x73, 0x30, 0x32, 0xc2, 0xe1, 0x3c, 0xcc, 0x41, 0x4b,
  0x05, 0x87, 0xfd, 0x31, 0x15, 0xad, 0x16, 0x51, 0x61, 0xd6, 0x54, 0x8d, 0x84, 0xe5, 0x84, 0x5e,
  0x53, 0xb5, 0x1a, 0x5a, 0x1d, 0x79, 0xcd, 0xc5, 0x7a, 0x58, 0x4d, 0x99, 0xb5, 0x14, 0x9f, 0xae,
  0xd9, 0x65, 0xd6, 0x9a, 0x43, 0x85, 0x64, 0x57, 0x41, 0x6b, 0xf6, 0x93, 0x1c, 0x39, 0xa5, 0xac,
  0x45, 0x4f, 0x93, 0xf9, 0x50, 0x04, 0x84, 0x1a, 0x04, 0xf0,
};
static const uint8_t VOC_BITS_TC4[] = {   // "the clock has run out of patience with us."  (frames=94, bytes=479)
  0xe0, 0x86, 0x6a, 0xcc, 0xcd, 0x3d, 0xce, 0x18, 0x8a, 0x53, 0xb5, 0xf0, 0x59, 0x6d, 0xa8, 0x91,
  0xc5, 0x3d, 0x17, 0x8a, 0xa1, 0x78, 0xa4, 0x48, 0xbb, 0x41, 0xea, 0x6a, 0x8d, 0x49, 0x34, 0x31,
  0x02, 0xf2, 0xa3, 0x50, 0x40, 0x6c, 0xc6, 0x08, 0xc8, 0xa1, 0x95, 0x00, 0x3c, 0x95, 0x86, 0xd2,
  0xc5, 0x35, 0x96, 0x2e, 0x53, 0x8a, 0x68, 0xae, 0x99, 0x73, 0xe2, 0xc8, 0x63, 0xba, 0x22, 0xeb,
  0x51, 0x23, 0x4f, 0xf1, 0x8a, 0xac, 0x66, 0xaf, 0x2c, 0xf5, 0x29, 0xb2, 0xa9, 0x3d, 0xd2, 0x54,
  0x3a, 0x55, 0xbb, 0x4a, 0x4b, 0x73, 0x0c, 0x57, 0xc9, 0xd2, 0x28, 0x0b, 0x96, 0x31, 0xb5, 0xaa,
  0x20, 0x00, 0xb8, 0x68, 0x01, 0xb4, 0xa8, 0xca, 0x80, 0x62, 0x49, 0x53, 0x5b, 0x1d, 0xab, 0x66,
  0x59, 0x2e, 0x6d, 0xf1, 0xe2, 0x91, 0x6d, 0xe6, 0xf4, 0x35, 0xaa, 0x99, 0x6f, 0x94, 0x36, 0x14,
  0xaf, 0x12, 0xbe, 0x65, 0xd2, 0x90, 0x95, 0x93, 0x7b, 0x4d, 0x2a, 0xed, 0x57, 0xa2, 0x02, 0xe6,
  0x4e, 0x01, 0xd7, 0x89, 0xa4, 0xa1, 0x7b, 0x55, 0x4e, 0x76, 0x1b, 0x06, 0x5f, 0x39, 0xdc, 0x34,
  0x8b, 0xe8, 0xed, 0xc4, 0x0a, 0xf6, 0x8e, 0xa9, 0x0d, 0x93, 0x32, 0x55, 0x3b, 0xb5, 0x26, 0x36,
  0x0b, 0x37, 0xed, 0xbc, 0x9a, 0x94, 0x3b, 0x45, 0x6d, 0xf5, 0x68, 0x53, 0x98, 0xe0, 0xc8, 0xd9,
  0xab, 0xcb, 0xb6, 0x42, 0xbc, 0xaa, 0x8c, 0x2e, 0x6b, 0x0f, 0xb6, 0x8e, 0xa4, 0xba, 0x2c, 0x3d,
  0xcc, 0xaa, 0xcc, 0xe9, 0xaa, 0x73, 0xd7, 0x9c, 0xc8, 0xa7, 0xaf, 0xde, 0xcd, 0x63, 0xaa, 0x9c,
  0xbe, 0xfa, 0x08, 0xf3, 0xae, 0x72, 0xfa, 0x12, 0xcb, 0xd5, 0x7b, 0xf2, 0xea, 0x73, 0xa8, 0x54,
  0x9d, 0xc9, 0x6d, 0xc8, 0x2e, 0x43, 0x35, 0x27, 0x97, 0x21, 0x39, 0x4b, 0xf6, 0x9c, 0x25, 0x00,
  0x65, 0x3d, 0x46, 0x9f, 0xad, 0xb9, 0x46, 0xd5, 0x6e, 0x43, 0xb6, 0xe1, 0x1a, 0xb6, 0x72, 0x0c,
  0x29, 0x98, 0x9b, 0x44, 0x47, 0x04, 0x80, 0xc2, 0x81, 0x00, 0x10, 0xab, 0x00, 0x18, 0x90, 0x23,
  0x4b, 0xa8, 0x5b, 0x32, 0xe2, 0xf4, 0x32, 0xa3, 0xae, 0x96, 0xb4, 0xaa, 0x43, 0x9f, 0x7a, 0x04,
  0x47, 0xcd, 0xb8, 0xbc, 0xea, 0x91, 0x14, 0xc2, 0x7b, 0x56, 0xaa, 0xbb, 0x27, 0xcc, 0x9c, 0xd1,
  0xad, 0xa9, 0x82, 0xa9, 0xa6, 0x4a, 0x96, 0xe6, 0xc4, 0x4a, 0x40, 0x92, 0x1b, 0x80, 0x5b, 0xab,
  0x15, 0x70, 0x5a, 0x6f, 0x02, 0x96, 0x33, 0x2b, 0x43, 0x35, 0xa2, 0xd6, 0xb9, 0x60, 0x8d, 0x45,
  0xab, 0x54, 0x64, 0x45, 0x34, 0x65, 0x6d, 0xd6, 0xec, 0xc1, 0xc6, 0x1c, 0xac, 0xb6, 0x52, 0xd8,
  0x67, 0x00, 0x18, 0x6e, 0x0e, 0xe8, 0xc0, 0x1d, 0x01, 0x5f, 0x75, 0x39, 0x60, 0xd8, 0x2b, 0x04,
  0x54, 0x1b, 0xce, 0x06, 0x5e, 0xc2, 0xcc, 0xbc, 0x56, 0x19, 0x43, 0x70, 0x73, 0x89, 0x45, 0x6d,
  0xca, 0x56, 0x35, 0xc2, 0x67, 0x85, 0x29, 0x1b, 0xd1, 0x8c, 0x18, 0x84, 0x00, 0x10, 0x33, 0x21,
  0x2c, 0xcd, 0xa5, 0x98, 0x5b, 0xd4, 0xb6, 0x64, 0x13, 0x66, 0x1e, 0x93, 0xd6, 0x92, 0x5d, 0xb9,
  0x7a, 0x4d, 0x1e, 0x6b, 0x76, 0x15, 0xa6, 0x53, 0x79, 0xac, 0xd9, 0xb5, 0x6b, 0xd4, 0xe4, 0xb4,
  0xe6, 0x18, 0xae, 0x31, 0x65, 0xdd, 0x5a, 0x7c, 0xa8, 0x5a, 0x96, 0x21, 0x40, 0x95, 0x49, 0x0c,
  0x38, 0xaa, 0x82, 0x00, 0xcf, 0x64, 0x11, 0xe0, 0xea, 0x6e, 0x02, 0x5c, 0xdd, 0x05, 0xf0,
};
static const uint8_t VOC_BITS_TOO_LATE[] = {   // "too late."  (frames=25, bytes=126)
  0x10, 0x80, 0xc9, 0x5d, 0x03, 0xb0, 0xdc, 0x46, 0xc9, 0x47, 0x48, 0x46, 0xb3, 0x8e, 0x23, 0xaf,
  0x4a, 0xc9, 0x52, 0x37, 0xb6, 0x3c, 0x29, 0xd5, 0x54, 0x5b, 0xd9, 0xf2, 0x60, 0xc2, 0xdc, 0x7c,
  0x65, 0x29, 0xa2, 0xc8, 0x50, 0xb3, 0x5b, 0xa5, 0x0a, 0xb2, 0x5c, 0x38, 0x67, 0xa2, 0x3a, 0x88,
  0x0e, 0xc6, 0xb8, 0x9d, 0x5a, 0x2f, 0xd7, 0x89, 0x7b, 0x56, 0xeb, 0xa2, 0x6b, 0x23, 0x9f, 0x2a,
  0xa7, 0x2f, 0xb6, 0x4c, 0x6c, 0xaa, 0x9c, 0xb1, 0x7a, 0x53, 0xf3, 0xa9, 0x73, 0xe6, 0x96, 0x84,
  0x3d, 0x7a, 0xf2, 0x5a, 0x7b, 0x16, 0x32, 0xaf, 0x4b, 0x6d, 0x6b, 0x8e, 0x39, 0x2a, 0x47, 0xb9,
  0xad, 0x05, 0xe6, 0xa8, 0x1c, 0x9d, 0xb6, 0xea, 0x49, 0xb2, 0xea, 0xb4, 0x3b, 0xab, 0x70, 0xb2,
  0xf6, 0xc4, 0x02, 0xa8, 0x32, 0x10, 0x01, 0x2d, 0x24, 0x21, 0x20, 0x3b, 0x36, 0x78,
};
static const uint8_t VOC_BITS_WARNING[] = {   // "warning."  (frames=22, bytes=112)
  0x80, 0x3a, 0x76, 0x94, 0xcd, 0x2a, 0x92, 0xe9, 0xf9, 0x4a, 0x11, 0xf1, 0x59, 0xa6, 0x17, 0xe5,
  0x8c, 0x54, 0x36, 0x86, 0x5e, 0xb7, 0x75, 0x55, 0xee, 0x58, 0x5a, 0x5b, 0x3a, 0x92, 0xa4, 0x55,
  0x69, 0x7c, 0xee, 0x70, 0xa7, 0x55, 0xad, 0x89, 0xcd, 0xdc, 0x5d, 0x56, 0xb6, 0x36, 0x57, 0x71,
  0x4f, 0xde, 0xd4, 0xfa, 0x94, 0xc8, 0xad, 0x52, 0x4e, 0x19, 0x93, 0x15, 0x8f, 0xe8, 0xc8, 0x6b,
  0x2e, 0x4e, 0xdd, 0xab, 0x22, 0xb7, 0xa5, 0x3a, 0xb1, 0xaa, 0x28, 0x3d, 0xd6, 0x16, 0x58, 0xbb,
  0x3c, 0xac, 0xd9, 0xaa, 0xa3, 0x58, 0xe1, 0xe8, 0x61, 0x4b, 0x41, 0x9b, 0x28, 0x93, 0xb1, 0x2d,
  0x3b, 0x69, 0x34, 0x75, 0x2a, 0xb6, 0x1c, 0x6c, 0xc0, 0xd4, 0x09, 0x02, 0x6c, 0x96, 0x00, 0x78,
};
static const uint8_t VOC_BITS_GUIDE[] = {   // "the guide"  (frames=24, bytes=125)
  0x60, 0x86, 0x6a, 0xd4, 0xdc, 0xcd, 0xce, 0x1a, 0x8b, 0x53, 0x35, 0x8f, 0x59, 0x6b, 0x6c, 0x99,
  0xc5, 0x3c, 0x67, 0xb5, 0xa9, 0x37, 0x22, 0xf7, 0x9a, 0x85, 0xe6, 0xa8, 0x61, 0x3e, 0xdd, 0x50,
  0x98, 0xfb, 0x74, 0x75, 0x35, 0xd9, 0xab, 0x6f, 0x85, 0xc4, 0xa3, 0x6b, 0x9f, 0xbe, 0x46, 0x51,
  0x8f, 0x9c, 0x7c, 0x86, 0xe2, 0xc3, 0xcd, 0xaa, 0xd6, 0x1a, 0xb3, 0xeb, 0x50, 0xcf, 0xc9, 0x6b,
  0xca, 0xbe, 0x43, 0xa2, 0xa6, 0x9c, 0x25, 0xbb, 0x0e, 0xcd, 0x9a, 0xbc, 0xd6, 0x1c, 0x2a, 0xcc,
  0xbb, 0xcc, 0xda, 0x8a, 0xf7, 0xd0, 0xe8, 0x32, 0x6d, 0xaf, 0xd9, 0x4c, 0x63, 0xc6, 0xa4, 0xbd,
  0x3a, 0x15, 0xcf, 0x1a, 0x82, 0xf6, 0x28, 0x55, 0x3c, 0x63, 0x60, 0xd8, 0xbb, 0x0a, 0x51, 0x8f,
  0x48, 0x62, 0xef, 0x36, 0x45, 0x32, 0x4e, 0x23, 0x20, 0x1a, 0x53, 0x80, 0x07,
};
static const uint8_t VOC_BITS_QUARTERMASTER[] = {   // "the quartermaster"  (frames=47, bytes=242)
  0xa0, 0x86, 0x6a, 0xd4, 0xdc, 0xcd, 0xf6, 0x18, 0x8a, 0x35, 0xd5, 0xf0, 0x45, 0x63, 0xa8, 0x91,
  0xc5, 0x2d, 0x17, 0xa1, 0xa1, 0x26, 0x26, 0x73, 0x7b, 0xe9, 0xda, 0x6c, 0x84, 0x4d, 0x34, 0x31,
  0x2a, 0xd3, 0x79, 0xba, 0xf4, 0xd8, 0x08, 0x88, 0xcf, 0x10, 0x01, 0x71, 0x9b, 0x8a, 0xca, 0xa7,
  0xf0, 0x64, 0x69, 0x18, 0x2a, 0x39, 0x47, 0x9d, 0x6c, 0x63, 0x2a, 0xf5, 0x28, 0x0b, 0x91, 0x8e,
  0x21, 0x37, 0x2b, 0x34, 0xc9, 0x37, 0x94, 0x2c, 0x6c, 0xf1, 0xa0, 0x5c, 0x59, 0xb2, 0xd4, 0xa8,
  0x9c, 0xb2, 0x65, 0x29, 0x72, 0xc7, 0x70, 0x8e, 0x56, 0xa8, 0xcc, 0x15, 0x52, 0x3c, 0x5b, 0x2b,
  0x20, 0x38, 0xaa, 0x56, 0x94, 0x4c, 0xae, 0x65, 0xad, 0x5a, 0x59, 0x06, 0x7a, 0x84, 0x75, 0x2c,
  0x4d, 0xae, 0x18, 0x91, 0xb2, 0x22, 0x75, 0x29, 0x53, 0x84, 0x51, 0xa7, 0xd2, 0xc7, 0xa0, 0xea,
  0xca, 0x59, 0x55, 0x9f, 0xac, 0x69, 0xa8, 0x64, 0x5e, 0x7d, 0x76, 0x66, 0x16, 0x3e, 0xe5, 0xf4,
  0xd5, 0x9b, 0x5b, 0x74, 0x99, 0xd3, 0xd7, 0xe0, 0xee, 0xb1, 0x55, 0x4e, 0x5f, 0x93, 0xbb, 0xe7,
  0x94, 0x5d, 0x7d, 0x49, 0x9a, 0xda, 0x23, 0xbb, 0xf5, 0x39, 0x68, 0xe9, 0x3a, 0x6d, 0xd7, 0x07,
  0xc5, 0xa6, 0x51, 0x92, 0x57, 0xb3, 0x75, 0x2a, 0x8b, 0xda, 0x12, 0xc0, 0x56, 0xe5, 0x08, 0x78,
  0xb6, 0x9b, 0x00, 0x3f, 0x75, 0x12, 0x60, 0x65, 0x0d, 0x03, 0x64, 0x43, 0xd9, 0xa6, 0x5a, 0x44,
  0xb9, 0xac, 0x53, 0x99, 0xea, 0x24, 0x33, 0xb7, 0x9e, 0x66, 0x2e, 0x1d, 0x23, 0x22, 0x3a, 0x84,
  0xa5, 0x74, 0x48, 0x2f, 0x9b, 0xc1, 0x80, 0x9c, 0xa1, 0x11, 0x90, 0x02, 0x14, 0x02, 0x6a, 0x81,
  0x00, 0x78,
};
static const uint8_t VOC_BITS_MEDIC[] = {   // "the medic"  (frames=25, bytes=117)
  0xa0, 0x86, 0x6a, 0xd4, 0xdc, 0xcd, 0xce, 0x1a, 0xb2, 0x76, 0xb3, 0xf0, 0x99, 0x6b, 0xc8, 0xce,
  0xcd, 0x2c, 0x5b, 0xb6, 0x21, 0x19, 0xd3, 0x64, 0xef, 0x98, 0x86, 0xa2, 0x4d, 0x5c, 0xa9, 0x73,
  0xeb, 0xb2, 0x11, 0x0d, 0x96, 0xd5, 0xab, 0x2e, 0xc6, 0xd4, 0xd2, 0x27, 0x9f, 0xaa, 0x06, 0x53,
  0xcb, 0x1e, 0x73, 0x8a, 0xea, 0xcd, 0x3c, 0xa6, 0xf4, 0xc9, 0x6b, 0x50, 0x33, 0x9f, 0x28, 0x23,
  0x2f, 0xce, 0xd4, 0x62, 0x46, 0xa7, 0xbc, 0x1a, 0x53, 0xb5, 0xac, 0xb5, 0xa6, 0x6a, 0x5d, 0x2c,
  0x62, 0xd6, 0x98, 0x5b, 0x32, 0x95, 0xf0, 0x5b, 0x65, 0xa9, 0x49, 0xd4, 0xa2, 0x66, 0x91, 0xa5,
  0x55, 0x21, 0x6b, 0x9b, 0x84, 0x80, 0x60, 0xa0, 0x80, 0x00, 0x2d, 0xb3, 0x23, 0xa0, 0x05, 0x45,
  0x04, 0xb4, 0x81, 0x0a, 0xf0,
};
static const uint8_t VOC_BITS_MULE[] = {   // "the mule"  (frames=28, bytes=147)
  0x60, 0x86, 0x6a, 0xd4, 0xcc, 0xcd, 0xf6, 0x1a, 0xb2, 0x75, 0x33, 0x8f, 0x59, 0x6b, 0xc8, 0xce,
  0xdd, 0x2c, 0x56, 0xa6, 0x21, 0x1a, 0x97, 0x10, 0xcf, 0x19, 0x06, 0x6f, 0x35, 0x4c, 0x65, 0x09,
  0x1a, 0xbc, 0xd5, 0x70, 0xe3, 0x39, 0xa5, 0x8f, 0x86, 0xb3, 0x44, 0x9a, 0x8c, 0xbe, 0x1a, 0x92,
  0x1a, 0xb3, 0xdc, 0xfa, 0xca, 0x44, 0x73, 0x5d, 0xf2, 0xea, 0x1a, 0x17, 0xc9, 0x0b, 0xd3, 0xab,
  0xed, 0x8e, 0xc9, 0x36, 0x67, 0x8e, 0xa6, 0x5a, 0x92, 0xc8, 0x58, 0xd9, 0x9a, 0xa8, 0xd5, 0xca,
  0xb2, 0x63, 0x69, 0x7d, 0x0c, 0x55, 0xf5, 0x8d, 0xa5, 0xb7, 0x7e, 0xdc, 0xd4, 0x3a, 0x86, 0xd1,
  0xf8, 0x71, 0x15, 0xdf, 0x58, 0x66, 0x1f, 0xd6, 0x48, 0x72, 0x63, 0x59, 0x83, 0xde, 0x12, 0x8a,
  0x8d, 0x69, 0x8b, 0x72, 0x86, 0x29, 0x17, 0x86, 0x2d, 0xf1, 0x1d, 0x94, 0x9c, 0x12, 0xd6, 0xe0,
  0x2e, 0xa0, 0x22, 0x09, 0x5a, 0x63, 0x5e, 0xc7, 0xf4, 0x24, 0x08, 0xf0, 0xc3, 0x18, 0x01, 0x61,
  0x0a, 0x03, 0x3c,
};
static const uint8_t VOC_BITS_SCOUT[] = {   // "the scout"  (frames=27, bytes=114)
  0x60, 0x86, 0x6a, 0xd4, 0xdc, 0xcc, 0xf6, 0x1a, 0xb2, 0x31, 0x35, 0x8f, 0x45, 0x6d, 0xc8, 0xda,
  0xd4, 0x3d, 0x4e, 0xb7, 0xa1, 0xab, 0x62, 0xf0, 0x68, 0x15, 0x80, 0xc1, 0x42, 0x10, 0x70, 0x74,
  0xa7, 0x03, 0x96, 0xf9, 0x61, 0x40, 0x8f, 0x1f, 0x08, 0x68, 0xd9, 0xd1, 0x01, 0xa3, 0x4a, 0x28,
  0xc0, 0x29, 0xeb, 0x55, 0x55, 0x47, 0x9e, 0xd5, 0x66, 0x4e, 0x55, 0x83, 0x6a, 0x64, 0x57, 0x3e,
  0x4d, 0x89, 0xe6, 0x16, 0x53, 0x65, 0x35, 0x39, 0x86, 0x9b, 0x6f, 0xe5, 0xb5, 0xe4, 0x50, 0xa1,
  0x5e, 0x63, 0xda, 0x92, 0x5d, 0x87, 0x78, 0x4c, 0x2a, 0x5b, 0x72, 0x1d, 0x92, 0x31, 0x29, 0x6c,
  0xc9, 0x54, 0x48, 0xfa, 0x64, 0x04, 0x08, 0x5f, 0x41, 0x80, 0xc0, 0xc2, 0x11, 0xd0, 0x99, 0x2b,
  0x00, 0x3c,
};
static const uint8_t VOC_BITS_ENDURER[] = {   // "the endurer"  (frames=31, bytes=174)
  0x60, 0xfa, 0x6a, 0x45, 0x2d, 0xc2, 0xca, 0xea, 0x9b, 0x11, 0xd2, 0xca, 0xc9, 0xa3, 0x1f, 0x56,
  0x91, 0xab, 0x2e, 0xaf, 0x7e, 0x38, 0x45, 0x9e, 0x9a, 0x7c, 0xfa, 0xee, 0x04, 0x7d, 0x6a, 0xd2,
  0x1a, 0x9a, 0x61, 0x9e, 0xae, 0xd2, 0x67, 0x6c, 0x4a, 0xb9, 0x2a, 0x87, 0x94, 0x39, 0x6a, 0xf3,
  0x12, 0xb7, 0x1e, 0x66, 0x6f, 0x74, 0x84, 0xc3, 0x19, 0x5a, 0x68, 0x8c, 0x32, 0xf4, 0x64, 0x69,
  0xe9, 0x52, 0x55, 0x23, 0xac, 0xb4, 0x71, 0xda, 0x50, 0x0e, 0x8b, 0xb4, 0xfa, 0xea, 0x95, 0xcd,
  0xa2, 0x4d, 0xeb, 0x73, 0x26, 0x4b, 0xb7, 0x5e, 0xa5, 0x8b, 0x95, 0xad, 0x54, 0x73, 0xa4, 0x2e,
  0x74, 0xf2, 0xa1, 0xea, 0x91, 0xba, 0x38, 0xc8, 0x5a, 0x2c, 0x47, 0xea, 0xd3, 0xc6, 0x0c, 0xf2,
  0x0e, 0x65, 0xcc, 0x1b, 0xdb, 0xa8, 0x5a, 0xb6, 0x39, 0x37, 0x0a, 0x37, 0xeb, 0xd8, 0x96, 0x92,
  0x31, 0x3c, 0x6c, 0x45, 0x5b, 0x4a, 0x26, 0xf3, 0x94, 0x95, 0x63, 0x2d, 0x85, 0x3c, 0xc2, 0x36,
  0x8e, 0xb5, 0x34, 0xcc, 0xd0, 0x6c, 0x65, 0xd6, 0x5c, 0xc9, 0xc2, 0xbd, 0x43, 0x59, 0x73, 0x65,
  0xc9, 0xf0, 0x1c, 0x68, 0x4d, 0x95, 0xac, 0x32, 0x5a, 0x22, 0x80, 0x17, 0x0b, 0x78,
};
static const uint8_t VOC_BITS_JOINS[] = {   // "takes up the road with us."  (frames=60, bytes=304)
  0x60, 0x80, 0xae, 0x82, 0x14, 0x90, 0x0d, 0x71, 0xca, 0x92, 0xe2, 0xa8, 0x6a, 0xd1, 0x2b, 0x6b,
  0x81, 0xd4, 0x73, 0x22, 0x9f, 0xb4, 0x27, 0x21, 0x8f, 0x99, 0x3c, 0xd2, 0x9e, 0x90, 0xb2, 0xa6,
  0x54, 0xc8, 0xba, 0x47, 0xea, 0xea, 0xc0, 0x26, 0x4b, 0x1a, 0xcd, 0x3d, 0x93, 0x10, 0xa0, 0x56,
  0x4a, 0x03, 0x8c, 0xf0, 0x8e, 0x80, 0x65, 0xaf, 0x0c, 0xd0, 0x78, 0x70, 0xc9, 0x8b, 0x4e, 0x73,
  0xf7, 0xd1, 0xab, 0xc8, 0xae, 0xdc, 0xbc, 0x26, 0xaf, 0x32, 0xdb, 0x09, 0xb3, 0x9c, 0xd4, 0xea,
  0xe4, 0x3a, 0x54, 0x73, 0x12, 0x6a, 0xbc, 0x09, 0x57, 0xd1, 0x93, 0x08, 0x00, 0xa1, 0x12, 0x00,
  0x01, 0xc1, 0x99, 0x95, 0xae, 0x18, 0x33, 0x37, 0x5f, 0xb4, 0xfa, 0x1c, 0x4d, 0xcd, 0x2c, 0x77,
  0x1a, 0x62, 0x11, 0xd7, 0xc2, 0x9e, 0x6c, 0xb0, 0x83, 0x22, 0x54, 0x72, 0x8a, 0x5e, 0x4f, 0xac,
  0x64, 0xcf, 0x18, 0xda, 0x30, 0xb1, 0x82, 0xbc, 0x65, 0xa9, 0x63, 0xe7, 0x70, 0xb1, 0x4e, 0xa3,
  0x4e, 0xc5, 0xcd, 0xd5, 0x7a, 0xad, 0x26, 0x87, 0x70, 0x35, 0xeb, 0x39, 0xda, 0x6c, 0xd3, 0x4d,
  0x3d, 0xe7, 0xea, 0xb2, 0x09, 0x33, 0xb3, 0x9e, 0xa3, 0x4f, 0xc6, 0xcd, 0xcd, 0x57, 0xb5, 0x21,
  0x29, 0x33, 0x77, 0xdf, 0x94, 0xc6, 0x6c, 0xd8, 0xcd, 0x63, 0xb5, 0x98, 0x93, 0x27, 0x17, 0xf7,
  0x26, 0x61, 0x2e, 0x91, 0x43, 0x54, 0xdb, 0xb0, 0x59, 0x66, 0x0b, 0xd1, 0x98, 0x49, 0x66, 0xd6,
  0xdd, 0x4c, 0xaa, 0x52, 0x99, 0x6d, 0x2c, 0x71, 0x8f, 0x86, 0x63, 0x4e, 0xd6, 0x35, 0x3c, 0x16,
  0x9a, 0x25, 0x59, 0xf6, 0xf4, 0x2e, 0xcd, 0x96, 0x28, 0x4c, 0xab, 0xdd, 0x32, 0x84, 0xa5, 0xc5,
  0x56, 0x31, 0x8f, 0x32, 0x96, 0x64, 0xc3, 0x3c, 0x72, 0xf2, 0x5a, 0xb2, 0x2d, 0x57, 0xcf, 0xc9,
  0x6b, 0xc9, 0xae, 0x42, 0xad, 0x27, 0xaf, 0x35, 0xfb, 0x0a, 0xf5, 0x9e, 0x1c, 0xd6, 0x1c, 0xd2,
  0xd5, 0x67, 0x4c, 0x5b, 0x4b, 0x70, 0x17, 0x9b, 0x30, 0x02, 0xc8, 0xc6, 0x99, 0x01, 0x4b, 0x6f,
  0x11, 0xe0, 0xda, 0x6c, 0x01, 0x7c, 0xdd, 0x85, 0x80, 0xab, 0xa6, 0x09, 0x30, 0xd5, 0x3a, 0x3c,
};
static const uint8_t VOC_BITS_LEAVES[] = {   // "walks out, and does not look back."  (frames=102, bytes=437)
  0x80, 0x5a, 0x76, 0x94, 0x3c, 0x2b, 0xb2, 0xeb, 0x64, 0x3a, 0x47, 0x8d, 0x86, 0xa1, 0x33, 0xf1,
  0x42, 0x30, 0x57, 0x96, 0x26, 0xd8, 0x1d, 0x61, 0xdb, 0x38, 0xaa, 0x68, 0x6f, 0x54, 0x6c, 0x43,
  0x2b, 0x62, 0xba, 0x12, 0xcd, 0x15, 0x23, 0x8f, 0x6d, 0x53, 0x2c, 0x17, 0xba, 0x3c, 0xe5, 0x71,
  0x31, 0x1b, 0xa5, 0xf2, 0x94, 0x0d, 0x55, 0xac, 0x36, 0xcb, 0xeb, 0x58, 0xad, 0x30, 0xd7, 0x02,
  0x68, 0xa9, 0xd0, 0x00, 0xd3, 0x7f, 0x21, 0x60, 0x9a, 0xd5, 0x00, 0xf0, 0xe0, 0x39, 0xea, 0xe2,
  0x54, 0x23, 0xb6, 0xcc, 0x69, 0x6a, 0x74, 0x33, 0xdb, 0xd2, 0xa7, 0x2f, 0xc9, 0xdd, 0x7d, 0x2b,
  0x9f, 0xb1, 0xc4, 0x0c, 0xb3, 0x99, 0x72, 0xc6, 0x1c, 0xc7, 0x2d, 0x6a, 0xf2, 0x9a, 0xb3, 0x9f,
  0x30, 0xad, 0xd1, 0x63, 0x49, 0xa1, 0x4d, 0xbc, 0xc7, 0xb4, 0x25, 0xba, 0x72, 0x8d, 0x2e, 0x13,
  0x96, 0xa0, 0x3c, 0x24, 0xaa, 0x12, 0x01, 0x0a, 0xd5, 0x60, 0x40, 0xe5, 0x66, 0x00, 0x00, 0x00,
  0x00, 0x00, 0x00, 0x00, 0x00, 0x00, 0x00, 0xab, 0xef, 0xce, 0xd5, 0xb3, 0x2a, 0x9f, 0xbe, 0x59,
  0xd3, 0xa8, 0xae, 0x7c, 0x86, 0x6e, 0x4d, 0xc3, 0xbb, 0xf2, 0x19, 0xaa, 0x11, 0xf7, 0x5c, 0x2b,
  0x65, 0x4a, 0x5a, 0x23, 0xa4, 0xe8, 0xab, 0x49, 0x1b, 0x6b, 0xd5, 0x50, 0x4f, 0x66, 0x9c, 0x33,
  0x8d, 0xc3, 0x39, 0x5b, 0xb4, 0x30, 0xaf, 0x0a, 0xa9, 0x65, 0xe9, 0xa9, 0x45, 0xc2, 0xa3, 0x9c,
  0xb6, 0x2a, 0x13, 0x8f, 0x9c, 0xb5, 0xda, 0x62, 0x43, 0x2c, 0x6a, 0xd6, 0x69, 0x8b, 0x0d, 0x35,
  0xab, 0xc9, 0xa5, 0xcf, 0x26, 0xc4, 0xbd, 0xc6, 0x94, 0x3e, 0xf1, 0xd0, 0xb4, 0x1c, 0x95, 0xfa,
  0xc3, 0xcc, 0x90, 0x22, 0xb1, 0x02, 0x26, 0x49, 0x0b, 0x43, 0x47, 0x61, 0x3a, 0x16, 0xb3, 0x0c,
  0xde, 0x68, 0x1b, 0x87, 0x32, 0xd3, 0x47, 0x65, 0x19, 0x1c, 0xd1, 0x4e, 0x57, 0x74, 0xba, 0x5a,
  0x57, 0x39, 0x6d, 0x71, 0x95, 0xec, 0x53, 0x65, 0xb5, 0x39, 0x4c, 0x70, 0x54, 0xd9, 0xd5, 0xe6,
  0x30, 0xc1, 0xd1, 0x63, 0x47, 0x93, 0x62, 0xbb, 0xe4, 0x94, 0x45, 0x4d, 0x8c, 0x2d, 0x12, 0x1b,
  0x14, 0x01, 0xc4, 0x7b, 0x98, 0x35, 0xb1, 0x48, 0x45, 0x9f, 0x63, 0xba, 0x84, 0xb6, 0x50, 0xe2,
  0x62, 0x6a, 0x13, 0x9e, 0x64, 0xb6, 0xd9, 0xa3, 0x2d, 0xb2, 0x5b, 0xd1, 0x1e, 0x8d, 0x36, 0xeb,
  0x4a, 0xe5, 0x78, 0x94, 0xba, 0x24, 0xcb, 0xd4, 0x6d, 0x16, 0xea, 0x94, 0x75, 0xf6, 0xf4, 0x5a,
  0x08, 0x00, 0x2e, 0x0c, 0x01, 0x3a, 0x9b, 0x21, 0x00, 0xec, 0x09, 0x80, 0xd4, 0x67, 0x6b, 0xea,
  0x69, 0x73, 0x56, 0x5f, 0xbc, 0xa9, 0x45, 0x4c, 0x3a, 0x43, 0x09, 0x66, 0x9e, 0x53, 0x79, 0x8d,
  0x25, 0x58, 0x58, 0x6c, 0x94, 0x33, 0x95, 0x60, 0x61, 0x35, 0x51, 0xce, 0x52, 0xa2, 0x87, 0xe5,
  0x44, 0x19, 0x6b, 0x89, 0x1e, 0x96, 0x53, 0xb9, 0x6d, 0x25, 0x78, 0x78, 0xd5, 0xe8, 0xb4, 0xd5,
  0xac, 0x6e, 0x95, 0xa3, 0xdd, 0xd6, 0x96, 0xa8, 0xa6, 0x55, 0x02, 0x20, 0x40, 0xcf, 0xe2, 0x08,
  0x68, 0x99, 0x19, 0x00, 0x1e,
};
static const uint8_t VOC_BITS_DOWN[] = {   // "goes down. and does not get up."  (frames=119, bytes=425)
  0xa0, 0x80, 0xda, 0x58, 0x4a, 0x5d, 0x83, 0x50, 0xba, 0x2f, 0x5a, 0x75, 0xf1, 0xa6, 0xa9, 0xde,
  0x71, 0xd5, 0xd9, 0x86, 0xa5, 0x58, 0xa7, 0x51, 0x25, 0x93, 0xe6, 0xe6, 0x3d, 0x57, 0x99, 0x75,
  0x9a, 0x9b, 0x76, 0x6a, 0x65, 0xd2, 0x2e, 0xe1, 0xb1, 0x31, 0x94, 0x99, 0x26, 0x45, 0x46, 0x8b,
  0x56, 0x6e, 0x60, 0x46, 0xda, 0x6d, 0x15, 0x30, 0x80, 0x2a, 0x02, 0x5e, 0xa8, 0x00, 0x48, 0xed,
  0xd4, 0x25, 0x66, 0x11, 0x79, 0xb5, 0xd5, 0x08, 0x47, 0x4c, 0xe9, 0xd5, 0x56, 0x27, 0x1a, 0xb1,
  0x91, 0x4f, 0x5b, 0xbd, 0xba, 0xe5, 0x44, 0x1e, 0x7d, 0xf1, 0x66, 0x9e, 0x13, 0xe5, 0xf4, 0x39,
  0x84, 0x5b, 0x4e, 0x94, 0xb4, 0x64, 0x5f, 0xa1, 0xde, 0x55, 0xce, 0x92, 0x7d, 0x27, 0x7b, 0x57,
  0x11, 0x6b, 0x76, 0x13, 0x98, 0x59, 0x76, 0xac, 0xc9, 0xb6, 0x53, 0x67, 0x95, 0xb0, 0x65, 0x9d,
  0xc9, 0x1e, 0x93, 0xcd, 0x16, 0xb5, 0x26, 0x7b, 0x55, 0x65, 0x5b, 0x52, 0x5c, 0x5c, 0x25, 0x4d,
  0x6c, 0xd9, 0xb2, 0x53, 0xa5, 0x5c, 0x04, 0x88, 0x20, 0x09, 0x00, 0x00, 0x00, 0x00, 0x00, 0x00,
  0x00, 0x00, 0x00, 0x00, 0x00, 0x00, 0x00, 0x00, 0x00, 0x00, 0x00, 0x00, 0x00, 0x40, 0x80, 0x6c,
  0x25, 0x4e, 0xdf, 0x9d, 0xab, 0x67, 0x55, 0x3e, 0x7d, 0x37, 0xae, 0x91, 0x35, 0xfa, 0x0c, 0xcd,
  0xa9, 0x79, 0x6c, 0x94, 0x31, 0x14, 0x69, 0x5a, 0xda, 0x62, 0xc3, 0xe4, 0x8d, 0x96, 0x69, 0x28,
  0x67, 0x93, 0x70, 0x51, 0x46, 0xe1, 0x9c, 0x4d, 0x60, 0x94, 0x19, 0x7b, 0x32, 0x37, 0x75, 0x1f,
  0xac, 0xe9, 0x96, 0x47, 0xd1, 0x8c, 0x91, 0x5a, 0x55, 0x59, 0x45, 0x35, 0x2e, 0xea, 0x39, 0xeb,
  0x14, 0xc5, 0x86, 0x9a, 0xd7, 0xe4, 0x55, 0x64, 0x1b, 0xea, 0x36, 0x95, 0x5b, 0x99, 0xb4, 0x6b,
  0x78, 0x0d, 0x71, 0x65, 0xc5, 0x29, 0x9a, 0xd5, 0x58, 0x01, 0x03, 0x98, 0x11, 0x20, 0x93, 0x54,
  0xd7, 0x07, 0xe9, 0x56, 0xae, 0x61, 0x52, 0x1f, 0x8c, 0x96, 0x4a, 0x28, 0x1b, 0x6d, 0x92, 0x61,
  0xae, 0x55, 0x76, 0x55, 0xc5, 0x96, 0x8b, 0x77, 0x95, 0x53, 0xe6, 0xd8, 0xc1, 0xd1, 0x55, 0x57,
  0x9e, 0x63, 0x27, 0x65, 0x57, 0x59, 0x59, 0x8e, 0xe5, 0x9c, 0x5d, 0xa6, 0x64, 0x29, 0x9a, 0x59,
  0x8f, 0x64, 0x93, 0x25, 0x69, 0x62, 0x99, 0x16, 0x11, 0xd0, 0x7c, 0x06, 0x20, 0x60, 0x78, 0x0d,
  0x07, 0x04, 0x2e, 0xbd, 0xea, 0x1e, 0x98, 0xbc, 0xa6, 0xf2, 0xa9, 0xbb, 0x37, 0xb6, 0xe8, 0xc9,
  0xa7, 0x6d, 0x41, 0xc5, 0x63, 0xaa, 0xb4, 0xae, 0x06, 0x15, 0x8b, 0xad, 0x82, 0x86, 0xa2, 0x9c,
  0xd9, 0xaa, 0x76, 0x1b, 0x8a, 0x33, 0xd3, 0xec, 0xca, 0x67, 0x28, 0x3a, 0xdd, 0xad, 0x27, 0x9d,
  0xb1, 0xd8, 0x74, 0xf3, 0x9e, 0xb4, 0x96, 0xec, 0xcb, 0xcd, 0xba, 0xd6, 0x59, 0x8b, 0xe9, 0x54,
  0x8f, 0xd9, 0x6d, 0x4d, 0xa1, 0x5d, 0xa3, 0x26, 0xa1, 0x35, 0xbb, 0x4c, 0xb1, 0x38, 0x8d, 0x00,
  0x53, 0xd4, 0x00, 0x00, 0x10, 0x10, 0x0b, 0x3b, 0x3c,
};
static const uint8_t VOC_BITS_NO_ONE[] = {   // "no one is left."  (frames=47, bytes=241)
  0x60, 0x46, 0x6b, 0xac, 0x5d, 0xc2, 0x59, 0x18, 0x8c, 0xb6, 0x0a, 0xb1, 0xf8, 0xad, 0xcf, 0x42,
  0x2d, 0xc3, 0xcb, 0x9c, 0xa6, 0x7a, 0x13, 0x8d, 0x5a, 0xb8, 0xea, 0xe2, 0xdc, 0x34, 0x7d, 0xe6,
  0x2a, 0xb3, 0xcf, 0x50, 0xb3, 0x45, 0xa3, 0x48, 0x7e, 0x5c, 0xd4, 0x37, 0x96, 0x22, 0xc4, 0x35,
  0x95, 0xd8, 0x90, 0x0a, 0x93, 0xd7, 0x94, 0x7d, 0xa5, 0x29, 0x45, 0x39, 0x61, 0xf1, 0x95, 0xa8,
  0x64, 0xb3, 0x99, 0x3d, 0x26, 0x99, 0x82, 0xb7, 0x55, 0xf4, 0x98, 0x94, 0x72, 0x67, 0xaf, 0x50,
  0x62, 0x51, 0xcb, 0x83, 0xdf, 0x42, 0xaf, 0x29, 0x23, 0x4f, 0x6e, 0x0b, 0x23, 0xa7, 0xac, 0xbc,
  0xd8, 0x4e, 0xb6, 0x18, 0x33, 0xf2, 0x6c, 0x3d, 0xc8, 0x3a, 0x72, 0x2a, 0xa2, 0xd2, 0x74, 0xad,
  0xb0, 0xab, 0xac, 0xc2, 0x25, 0x32, 0x46, 0xaf, 0xba, 0x19, 0x23, 0xf7, 0xba, 0x81, 0xda, 0xaa,
  0x95, 0xd2, 0xfa, 0xd4, 0x68, 0x93, 0x11, 0x09, 0x9f, 0x49, 0x0a, 0x50, 0x2c, 0x99, 0x01, 0x93,
  0xa5, 0x0a, 0x20, 0xa9, 0x10, 0xd7, 0x47, 0x6d, 0xe1, 0x14, 0x69, 0x52, 0xe7, 0xcd, 0x3a, 0x73,
  0x4d, 0x76, 0x9d, 0xd7, 0xeb, 0xc8, 0x3d, 0xa6, 0xb4, 0xc1, 0xae, 0x92, 0x75, 0x95, 0xd1, 0x66,
  0xb3, 0xc1, 0x32, 0x63, 0x56, 0x97, 0x5d, 0xbb, 0xf8, 0x46, 0x39, 0x7d, 0xf1, 0x6d, 0xea, 0x5b,
  0xe6, 0x4c, 0xc5, 0x97, 0x99, 0x4f, 0x95, 0xb3, 0x14, 0x1f, 0x6e, 0x31, 0x65, 0xd2, 0x92, 0x82,
  0x87, 0xe7, 0x84, 0x49, 0x73, 0x70, 0x6a, 0x1a, 0x11, 0xda, 0x75, 0xcd, 0xa7, 0xb0, 0x69, 0x62,
  0x04, 0x34, 0x97, 0x8a, 0x80, 0xe6, 0xca, 0x00, 0x08, 0xd0, 0xb9, 0x2b, 0x02, 0xba, 0x2c, 0x06,
  0x78,
};
static const uint8_t VOC_BITS_WX0[] = {   // "the sky clears. small mercy, and brief."  (frames=165, bytes=585)
  0x80, 0x00, 0x65, 0x2d, 0xd2, 0x90, 0xad, 0x8b, 0x7a, 0xcc, 0x6a, 0x43, 0xd6, 0xa6, 0xee, 0x71,
  0x5a, 0x0d, 0x4d, 0x25, 0xa2, 0x47, 0x23, 0x03, 0x0c, 0x1a, 0x82, 0x80, 0xa3, 0x3b, 0x0d, 0xb0,
  0xcc, 0x0f, 0x02, 0x7a, 0x7c, 0x45, 0x40, 0x6b, 0xca, 0x02, 0x68, 0x89, 0xbd, 0xe5, 0xc5, 0x9a,
  0x86, 0x57, 0xa5, 0x95, 0xe7, 0xe8, 0xa1, 0x31, 0x95, 0x4f, 0x5e, 0x5c, 0xa5, 0x6b, 0x9e, 0x39,
  0x79, 0x4e, 0x99, 0xe6, 0x5d, 0x75, 0xe5, 0x25, 0x9a, 0x45, 0x4c, 0x9d, 0x91, 0xd7, 0x48, 0x5a,
  0x39, 0x91, 0x4d, 0x5e, 0x0c, 0xc4, 0x56, 0x1b, 0x42, 0x00, 0x4b, 0x94, 0x02, 0x48, 0x23, 0x19,
  0x01, 0xc1, 0xa4, 0xb9, 0xce, 0xf9, 0x56, 0xd6, 0x4e, 0xdc, 0xba, 0x68, 0xca, 0x54, 0xb7, 0x4a,
  0xeb, 0xb3, 0x0d, 0x31, 0xef, 0x38, 0x67, 0xe8, 0x51, 0xc9, 0xac, 0x66, 0x97, 0xa9, 0x57, 0xc2,
  0xc8, 0x5a, 0xd4, 0xe6, 0xd6, 0x90, 0x22, 0x6b, 0x65, 0x59, 0xda, 0x26, 0x75, 0x8d, 0x0d, 0x65,
  0xad, 0x0b, 0xdd, 0x2d, 0x36, 0xb8, 0xad, 0x3e, 0x0c, 0x53, 0xdf, 0x50, 0xb6, 0xba, 0xd1, 0xcd,
  0x75, 0xa3, 0x00, 0xbc, 0xc7, 0x55, 0x00, 0x77, 0x9e, 0x02, 0x98, 0x50, 0x95, 0x00, 0xdf, 0xa4,
  0x31, 0xe0, 0x9b, 0x4a, 0x02, 0x7c, 0x9f, 0x21, 0x80, 0x6f, 0xbb, 0x18, 0x70, 0x4d, 0x35, 0x02,
  0x1a, 0x6b, 0x05, 0x00, 0x00, 0x00, 0x00, 0x00, 0x00, 0x00, 0x00, 0x00, 0x00, 0x00, 0x00, 0x00,
  0x00, 0x00, 0x00, 0x00, 0x00, 0x00, 0x40, 0xc0, 0x56, 0xed, 0x0c, 0xf8, 0x3a, 0x53, 0x00, 0xcf,
  0x54, 0x29, 0xe0, 0x28, 0x32, 0x04, 0x50, 0xdd, 0x65, 0x6a, 0x6f, 0xcc, 0x53, 0xb9, 0x75, 0xa9,
  0x93, 0x4c, 0x57, 0x83, 0xd4, 0xad, 0x4e, 0x6a, 0x1a, 0x4d, 0x1b, 0x8f, 0x2a, 0x99, 0x19, 0xb4,
  0x9c, 0xdd, 0xaa, 0x64, 0x76, 0x48, 0x63, 0xca, 0x28, 0x92, 0xd9, 0x25, 0xcd, 0x29, 0x2d, 0x8f,
  0x6e, 0x87, 0xb4, 0x67, 0xb5, 0x2c, 0x86, 0x6b, 0x92, 0x9e, 0xd5, 0xb2, 0xe0, 0xae, 0x49, 0x7b,
  0x52, 0xc9, 0x82, 0xbd, 0x41, 0xed, 0x38, 0x25, 0x0b, 0x7a, 0x0b, 0x3d, 0x9c, 0xa6, 0x3c, 0xea,
  0x49, 0x08, 0x71, 0x9b, 0x8a, 0x68, 0xcb, 0x29, 0x58, 0x6b, 0x28, 0x62, 0x28, 0xd5, 0x40, 0x75,
  0xa5, 0x08, 0xc5, 0x2c, 0x9c, 0x32, 0x97, 0x22, 0x4e, 0x8e, 0x74, 0xd9, 0x98, 0x8a, 0x34, 0xb0,
  0x43, 0x7d, 0x65, 0x29, 0xf2, 0xc6, 0x2c, 0xcc, 0x96, 0xa5, 0x2a, 0x9b, 0x3c, 0xc5, 0x7a, 0x8c,
  0x3a, 0x27, 0x96, 0x68, 0x6b, 0x85, 0xea, 0xa3, 0x50, 0xd0, 0xd2, 0x8d, 0x02, 0x0e, 0x21, 0x21,
  0xc0, 0x51, 0x9d, 0x0a, 0x38, 0xa6, 0xcc, 0x00, 0x56, 0xa4, 0xb5, 0xa9, 0x7a, 0x16, 0xf7, 0x9a,
  0xdc, 0xa6, 0x16, 0x89, 0xdd, 0x67, 0xd6, 0x98, 0x47, 0x32, 0xd4, 0x88, 0x5b, 0x65, 0xe9, 0x11,
  0x31, 0xaa, 0x26, 0x85, 0x65, 0x44, 0x06, 0x9b, 0x3c, 0x14, 0xe6, 0x66, 0x91, 0xf6, 0x2c, 0x0c,
  0x99, 0xaa, 0x42, 0xe9, 0x34, 0xf3, 0xac, 0xab, 0x8a, 0x2a, 0x89, 0xe5, 0x01, 0x00, 0x00, 0x00,
  0x00, 0x00, 0x00, 0x00, 0x00, 0x40, 0xe9, 0x9b, 0x57, 0x8b, 0xec, 0xc8, 0xa7, 0x6f, 0xc6, 0x2c,
  0x73, 0x2a, 0x9d, 0xa1, 0x19, 0xd3, 0xc8, 0xa9, 0x7c, 0xc6, 0x66, 0x4c, 0xc3, 0xb7, 0x4c, 0x9a,
  0xb2, 0x52, 0x0b, 0x29, 0xb3, 0x61, 0x0e, 0x4a, 0xda, 0x35, 0xa5, 0x93, 0x85, 0x3b, 0x6b, 0x67,
  0x8f, 0x47, 0x16, 0x90, 0xbd, 0x83, 0x23, 0x96, 0x59, 0x9a, 0x75, 0x95, 0x10, 0x39, 0xa1, 0x4f,
  0x29, 0xc2, 0x8c, 0x6d, 0xbb, 0x3e, 0x2c, 0x6c, 0xa7, 0x6c, 0x99, 0xba, 0xb4, 0x30, 0x83, 0xa3,
  0x53, 0xeb, 0xca, 0x40, 0x4b, 0x8d, 0x9e, 0xa5, 0xab, 0x8d, 0xc4, 0x23, 0x3a, 0xae, 0xbe, 0x15,
  0x26, 0xcb, 0xea, 0xd4, 0x86, 0xe6, 0x99, 0xbc, 0x6a, 0x51, 0x9b, 0x7a, 0x10, 0xb4, 0xce, 0xcb,
  0x68, 0xed, 0x5e, 0xd0, 0xba, 0x26, 0xb5, 0xad, 0x5b, 0x41, 0xdb, 0x9c, 0x29, 0xb6, 0xea, 0x90,
  0x2b, 0xbb, 0x66, 0xda, 0xab, 0x57, 0x56, 0xf7, 0xc6, 0x04, 0xa8, 0x31, 0x8c, 0x00, 0x2d, 0x74,
  0x10, 0xa0, 0x85, 0x32, 0x04, 0xd4, 0xdc, 0x0e, 0xf0,
};
static const uint8_t VOC_BITS_WX1[] = {   // "rain comes in thin and cold."  (frames=70, bytes=383)
  0x20, 0x7a, 0x33, 0x29, 0x93, 0x2d, 0x55, 0xe8, 0xc2, 0xc0, 0x56, 0xce, 0x96, 0xad, 0x2b, 0x83,
  0x52, 0xcd, 0x5a, 0x9d, 0xa6, 0x55, 0x36, 0xcd, 0x68, 0x71, 0xaa, 0x16, 0xc8, 0xaa, 0x3a, 0xe2,
  0x2a, 0xbb, 0x27, 0xed, 0x6c, 0xb1, 0x2b, 0x6f, 0x9a, 0x7c, 0x33, 0xa9, 0x8f, 0xbc, 0x4a, 0x8e,
  0x35, 0x97, 0x1f, 0x32, 0x6f, 0xb4, 0x9c, 0xc2, 0xb9, 0xc9, 0xa4, 0xd3, 0x55, 0xaa, 0x64, 0x04,
  0x00, 0xd3, 0x0c, 0x01, 0xd9, 0x62, 0x1a, 0xa0, 0x7a, 0x0e, 0x05, 0xd4, 0x82, 0x5a, 0xca, 0x64,
  0xd5, 0x22, 0x32, 0xf4, 0xa8, 0x92, 0x2f, 0xd7, 0xa8, 0xd2, 0xab, 0xce, 0xae, 0x8a, 0xad, 0xc7,
  0x8c, 0x26, 0xf9, 0x09, 0x8a, 0x98, 0xd2, 0xba, 0xe4, 0xdb, 0xc8, 0x68, 0x93, 0x19, 0xa2, 0x76,
  0x73, 0xe3, 0xd5, 0x69, 0x70, 0xbc, 0xbc, 0x42, 0x9c, 0xb4, 0xe1, 0x33, 0x15, 0xa1, 0x4c, 0x24,
  0x80, 0xc3, 0xdd, 0x1d, 0xe0, 0x59, 0x99, 0x2b, 0x92, 0x11, 0xed, 0xea, 0xc2, 0xab, 0xca, 0xca,
  0xb4, 0xa3, 0x4b, 0xb7, 0x26, 0xc9, 0xd0, 0x4a, 0x2f, 0x1a, 0xba, 0x60, 0x2c, 0x83, 0x3c, 0xba,
  0xeb, 0xb5, 0xb3, 0x56, 0x8a, 0xf8, 0xa8, 0xf7, 0x21, 0xb2, 0x98, 0xec, 0x22, 0x80, 0x87, 0x0c,
  0x02, 0x64, 0x65, 0x9a, 0x8a, 0x62, 0x44, 0x22, 0x3a, 0xcc, 0x29, 0xaa, 0x51, 0x89, 0xea, 0xd1,
  0xa7, 0xa8, 0x46, 0x34, 0x73, 0x4a, 0x8f, 0xb2, 0x1a, 0xd5, 0xf4, 0x2d, 0x3d, 0xaa, 0x22, 0x55,
  0xcb, 0xa2, 0x88, 0xab, 0x92, 0xd1, 0x08, 0x0e, 0xf3, 0xa3, 0x2c, 0x4a, 0x2d, 0xbd, 0xc3, 0x98,
  0xb2, 0x18, 0xb5, 0xaa, 0x09, 0x13, 0xba, 0xea, 0xc4, 0xb3, 0xc6, 0xf2, 0x19, 0x9a, 0x17, 0xcb,
  0x98, 0xd0, 0x6b, 0x6c, 0x56, 0x3c, 0x63, 0x2d, 0x8f, 0xa9, 0x68, 0xf1, 0xb2, 0xa2, 0x97, 0x66,
  0xef, 0xb4, 0x55, 0x42, 0x9b, 0x5a, 0x94, 0xb3, 0x0e, 0xf4, 0xfa, 0x68, 0x11, 0xc6, 0xa2, 0x44,
  0xac, 0xb8, 0xad, 0xee, 0x8c, 0x52, 0x8b, 0x24, 0x80, 0xd2, 0x5d, 0x1c, 0x90, 0x72, 0x72, 0xe8,
  0x92, 0x29, 0x35, 0xd5, 0x86, 0xad, 0x0b, 0xa9, 0x4d, 0x2d, 0x66, 0xb5, 0x3e, 0xa4, 0x75, 0xd6,
  0x58, 0x59, 0x86, 0x60, 0x2f, 0x59, 0x62, 0x45, 0x19, 0x83, 0xbe, 0x52, 0x8c, 0x0d, 0x65, 0x0a,
  0xfa, 0x86, 0xc9, 0x37, 0xa4, 0x25, 0xe8, 0x1d, 0xa2, 0x58, 0x91, 0xd6, 0xa0, 0xae, 0x05, 0x72,
  0x43, 0x5a, 0x83, 0xdc, 0x51, 0xc8, 0x0d, 0x69, 0x4d, 0xb4, 0x57, 0xd1, 0x36, 0xa8, 0x25, 0xaa,
  0x29, 0x42, 0x7f, 0xa0, 0x26, 0x63, 0xda, 0x99, 0xbb, 0x36, 0x1a, 0xab, 0x74, 0x55, 0x75, 0x27,
  0x61, 0xe8, 0x7a, 0x93, 0x5d, 0x93, 0x20, 0x20, 0xfb, 0x24, 0x04, 0xc4, 0xa4, 0x0a, 0xf0,
};
static const uint8_t VOC_BITS_WX2[] = {   // "a storm walks in off the flats."  (frames=82, bytes=408)
  0xd0, 0xfa, 0xe2, 0xd3, 0xcc, 0xab, 0xd2, 0xea, 0x8b, 0x77, 0xb7, 0xe8, 0x32, 0xae, 0xcf, 0x56,
  0xcd, 0x73, 0x82, 0x94, 0xa1, 0x58, 0x03, 0xf1, 0xaa, 0x25, 0x80, 0x46, 0x9c, 0x05, 0x70, 0x55,
  0x05, 0x02, 0x9e, 0xe9, 0x46, 0xc0, 0x4f, 0x95, 0x20, 0x80, 0xee, 0xd5, 0x4b, 0x99, 0x22, 0xbb,
  0x87, 0x76, 0x2e, 0xa5, 0xaf, 0x6e, 0xa1, 0xda, 0x33, 0x15, 0xbe, 0x78, 0x14, 0x4b, 0xce, 0x56,
  0x84, 0xaa, 0x99, 0x26, 0x9d, 0x4b, 0x11, 0x9b, 0xb9, 0x27, 0xe7, 0x6a, 0x65, 0xec, 0x66, 0x1e,
  0x9c, 0xa7, 0x54, 0x21, 0x94, 0x98, 0xb3, 0xd6, 0x50, 0x07, 0x9b, 0xea, 0xca, 0x5e, 0x52, 0x13,
  0x5c, 0x9b, 0x13, 0x25, 0x09, 0x8d, 0xf7, 0x1d, 0xc6, 0x1c, 0xd5, 0xb5, 0xd6, 0x6f, 0xb0, 0x49,
  0xe3, 0xd0, 0x9a, 0xb0, 0x49, 0x62, 0x2b, 0x4b, 0xe7, 0xcd, 0xb5, 0x90, 0xf7, 0x6c, 0x5d, 0xb0,
  0xd7, 0x46, 0xd6, 0xb1, 0x75, 0xd1, 0x6d, 0x2b, 0xc7, 0x86, 0xd1, 0xc7, 0x78, 0x65, 0x9c, 0x1b,
  0x5a, 0x9f, 0xca, 0x94, 0x48, 0x2e, 0x74, 0x7d, 0x8e, 0xe3, 0xa2, 0x3a, 0x0a, 0x0d, 0x39, 0x19,
  0x29, 0x89, 0x1d, 0x02, 0x94, 0x22, 0xaa, 0x80, 0x9e, 0xdf, 0x10, 0x30, 0xdd, 0xa7, 0x02, 0xa6,
  0x19, 0x35, 0x5e, 0xa5, 0xc1, 0x36, 0xb1, 0x28, 0x15, 0x45, 0xb3, 0x76, 0x76, 0xe1, 0x51, 0x15,
  0xa9, 0xda, 0x55, 0xa3, 0x46, 0x9d, 0x95, 0x5a, 0x47, 0x15, 0x51, 0x4d, 0xd2, 0x92, 0x29, 0x11,
  0xae, 0x35, 0x49, 0xbb, 0x9b, 0x55, 0x99, 0xd0, 0x64, 0xef, 0x2e, 0x35, 0x95, 0x51, 0x93, 0x6d,
  0xa7, 0x7a, 0xd4, 0x1e, 0x7d, 0x0a, 0x53, 0x62, 0x35, 0xab, 0xf5, 0xc9, 0x6d, 0x71, 0xd4, 0xac,
  0xd3, 0x67, 0xbb, 0xcd, 0x9a, 0xb3, 0x47, 0x9f, 0xc2, 0x36, 0x6b, 0x4d, 0x2e, 0x7d, 0x0a, 0xd3,
  0x64, 0x3d, 0x3a, 0xf5, 0x31, 0x54, 0x92, 0x66, 0x21, 0xd4, 0x07, 0x11, 0x26, 0xa6, 0x51, 0x10,
  0x10, 0x85, 0x0a, 0x80, 0x1b, 0xaa, 0x0b, 0xd1, 0xb0, 0xb8, 0x63, 0xca, 0xc6, 0xdd, 0xdc, 0x67,
  0xb5, 0x39, 0x39, 0x77, 0x33, 0x5f, 0x89, 0xe6, 0x22, 0x4d, 0xd5, 0xd5, 0x55, 0x98, 0x47, 0x9c,
  0xb4, 0x34, 0x53, 0x04, 0xa8, 0xb6, 0x5c, 0x00, 0x85, 0x44, 0x87, 0x36, 0x91, 0x69, 0x23, 0x5d,
  0x54, 0xda, 0x60, 0x2e, 0x48, 0x6a, 0xf2, 0xe8, 0x92, 0xdb, 0x64, 0x9d, 0x32, 0xab, 0xcb, 0x7e,
  0x42, 0x74, 0xa3, 0x9c, 0xa1, 0xf8, 0x0e, 0xf1, 0xa9, 0x7c, 0xc6, 0x12, 0x32, 0xd4, 0xb7, 0xca,
  0x99, 0x6b, 0x0c, 0x37, 0xdb, 0xd8, 0x67, 0xae, 0xde, 0xc3, 0x6d, 0xaa, 0x8c, 0xb9, 0x46, 0x4d,
  0xc9, 0x8d, 0xec, 0xe6, 0xe2, 0x24, 0x79, 0x8a, 0x14, 0x9b, 0x8a, 0x67, 0x93, 0x2a, 0x49, 0x00,
  0x80, 0x80, 0xeb, 0xb3, 0x18, 0x70, 0x4c, 0x35, 0x02, 0x8e, 0xae, 0x66, 0xc0, 0x33, 0xd9, 0x08,
  0xf8, 0xa6, 0x92, 0x00, 0x4b, 0x56, 0x02, 0x3c,
};
static const uint8_t VOC_BITS_WX3[] = {   // "the rain turns wrong. chem burn."  (frames=120, bytes=471)
  0xa0, 0x86, 0x6a, 0xd4, 0xdc, 0xcd, 0xf6, 0x1a, 0x8a, 0x76, 0x53, 0xf7, 0x8e, 0x63, 0xc8, 0x59,
  0x35, 0xc4, 0x7d, 0xa7, 0x31, 0x76, 0x76, 0x57, 0xc9, 0x45, 0x46, 0x33, 0x30, 0x43, 0x34, 0x27,
  0x1b, 0xd5, 0xc6, 0x48, 0xb1, 0x4c, 0xaa, 0xf7, 0x1b, 0xdb, 0x38, 0x5a, 0x96, 0x36, 0x0d, 0x2a,
  0x35, 0x6f, 0xb5, 0xea, 0x3a, 0x28, 0xc4, 0xa3, 0xd5, 0xa9, 0x5a, 0x26, 0xb3, 0xca, 0x59, 0xa7,
  0x68, 0x9e, 0xac, 0xba, 0x22, 0x8d, 0xac, 0x59, 0xf4, 0xad, 0xa2, 0xb6, 0xd2, 0x6e, 0xc8, 0x36,
  0x93, 0xfa, 0x48, 0xab, 0x62, 0x1f, 0x55, 0xe9, 0x2e, 0x55, 0xd6, 0xc6, 0x38, 0xdd, 0x89, 0x94,
  0x25, 0x2f, 0x91, 0x48, 0xc7, 0x52, 0xe5, 0xdc, 0x8b, 0x20, 0x6e, 0xa8, 0xb7, 0xb6, 0x30, 0x33,
  0x8b, 0x0e, 0xd8, 0xda, 0x2c, 0x00, 0xbd, 0xa7, 0xa6, 0xa6, 0x2d, 0x51, 0x35, 0xae, 0xdd, 0x9a,
  0x3c, 0x30, 0xd3, 0xbc, 0x43, 0x69, 0xf3, 0xc4, 0x68, 0xf3, 0x1e, 0xad, 0xcb, 0x13, 0xa3, 0xc2,
  0x7a, 0xb4, 0xbe, 0x0c, 0xf4, 0x48, 0xcb, 0xd1, 0x86, 0x1c, 0x99, 0x3b, 0x9a, 0x4d, 0x9a, 0xbc,
  0xf5, 0x70, 0x4e, 0xf9, 0x66, 0x56, 0xde, 0x4b, 0x39, 0x9c, 0xa5, 0x39, 0xc1, 0x0c, 0x4f, 0x91,
  0xed, 0x80, 0x01, 0x24, 0x0c, 0xb0, 0x9d, 0x6a, 0x49, 0x9b, 0x53, 0x95, 0x10, 0xb7, 0xaa, 0xf7,
  0x8d, 0xc2, 0x5c, 0x3a, 0x9b, 0xde, 0x2d, 0xcc, 0x10, 0xcb, 0x94, 0xfa, 0x30, 0x29, 0x5a, 0x2c,
  0xf3, 0xe8, 0x63, 0x33, 0x8f, 0x90, 0xac, 0xa3, 0x4f, 0x29, 0x32, 0x9c, 0x7b, 0xad, 0x3e, 0xf9,
  0x2e, 0x35, 0xed, 0xb5, 0x86, 0xe4, 0xb7, 0xd9, 0x7c, 0xe3, 0x18, 0x92, 0x9b, 0x16, 0xae, 0x59,
  0x6b, 0x4c, 0x7e, 0x9b, 0xa5, 0x16, 0xb5, 0x39, 0x85, 0x6d, 0x96, 0x9a, 0xb5, 0x96, 0xac, 0x67,
  0x58, 0x73, 0x76, 0xd9, 0xb2, 0x9d, 0x22, 0xcb, 0xd9, 0x65, 0xcb, 0x6e, 0x82, 0xdc, 0x67, 0xa5,
  0x2d, 0x45, 0x2b, 0x47, 0xad, 0xab, 0xb6, 0xe4, 0xa4, 0x85, 0x3d, 0xbe, 0xd9, 0xb2, 0x93, 0x46,
  0x53, 0xa7, 0x08, 0x30, 0x59, 0x02, 0x01, 0xae, 0x48, 0x00, 0x00, 0x00, 0x00, 0x00, 0x00, 0x00,
  0x00, 0x00, 0x00, 0x00, 0x00, 0x00, 0x00, 0x00, 0x00, 0x00, 0x00, 0x00, 0x00, 0x30, 0xa0, 0x3b,
  0x09, 0x03, 0x0c, 0x49, 0x91, 0x8a, 0xae, 0x59, 0xbc, 0x33, 0xd2, 0x2a, 0x8a, 0x15, 0xab, 0xec,
  0xd0, 0xa7, 0x28, 0x5e, 0xdd, 0xab, 0x2a, 0x8f, 0x22, 0x07, 0x33, 0x0b, 0x9b, 0x5c, 0xca, 0x6c,
  0xc3, 0x54, 0x61, 0x73, 0xa9, 0x92, 0x51, 0x0f, 0xa6, 0xd5, 0xa8, 0xd6, 0x56, 0x3b, 0xc9, 0xa7,
  0x90, 0x16, 0x44, 0xef, 0x20, 0xaf, 0x44, 0xda, 0xc0, 0xd4, 0x2c, 0x3c, 0xa9, 0xeb, 0xb2, 0x8f,
  0x10, 0x33, 0x27, 0xa5, 0x8b, 0x93, 0xa2, 0x28, 0x3a, 0xa6, 0x2e, 0x6d, 0xcc, 0x14, 0xeb, 0x91,
  0xfa, 0xb4, 0x30, 0x43, 0x65, 0x45, 0x19, 0xf2, 0xc5, 0x0a, 0x8e, 0x8e, 0x65, 0xcc, 0x9b, 0x3c,
  0x82, 0x77, 0xb4, 0xb9, 0x5c, 0x72, 0x0f, 0xe9, 0xd1, 0x96, 0x32, 0x31, 0x22, 0xbc, 0x47, 0x5b,
  0xea, 0x42, 0xb7, 0x88, 0x8c, 0x61, 0x49, 0x01, 0xc3, 0x46, 0xd5, 0xa8, 0x25, 0x38, 0x2d, 0x31,
  0x97, 0x2f, 0xd6, 0x68, 0xa4, 0x24, 0x42, 0x3a, 0x59, 0xa3, 0xe6, 0xe4, 0x4c, 0xea, 0x08, 0xe0,
  0x41, 0x0a, 0x01, 0x2a, 0x49, 0x02, 0x3c,
};
static const uint8_t VOC_BITS_WX4[] = {   // "strangle fog settles in the low ground."  (frames=98, bytes=527)
  0x80, 0x80, 0xa3, 0x3a, 0x18, 0xf0, 0x4d, 0x26, 0x01, 0xbe, 0xcb, 0x66, 0xc0, 0x4f, 0x9d, 0x08,
  0xb8, 0xa3, 0x07, 0x01, 0x6d, 0x45, 0x08, 0xa0, 0x1e, 0x2b, 0x57, 0xe5, 0xce, 0x2e, 0xae, 0x6d,
  0x5a, 0x95, 0x2b, 0xa5, 0x87, 0xb5, 0x5c, 0x65, 0xa9, 0x1c, 0x1e, 0xd1, 0xf2, 0x94, 0xb5, 0xa8,
  0x59, 0xc5, 0x8a, 0x53, 0xd4, 0x28, 0x61, 0x55, 0x95, 0x4f, 0xd1, 0x3c, 0xa7, 0x75, 0x45, 0x5e,
  0x45, 0x73, 0x14, 0x59, 0x25, 0xa5, 0x94, 0x59, 0x71, 0x17, 0x9b, 0xba, 0x50, 0x19, 0xe7, 0xad,
  0xe4, 0xc9, 0x44, 0x65, 0x9c, 0x64, 0x58, 0x59, 0x09, 0x65, 0x76, 0xa5, 0x26, 0x3e, 0xa5, 0x95,
  0x49, 0x6f, 0x8a, 0xd8, 0xc3, 0x52, 0x45, 0xb5, 0x25, 0x14, 0x1f, 0x52, 0x15, 0xf9, 0xb6, 0x90,
  0xbd, 0x0c, 0x75, 0x90, 0xd3, 0xcc, 0x76, 0x09, 0x35, 0x5d, 0x9a, 0x89, 0x88, 0x55, 0x02, 0x34,
  0x13, 0x8e, 0x80, 0xee, 0x33, 0x04, 0x90, 0x5d, 0x78, 0x28, 0x63, 0xe8, 0x54, 0xd1, 0x59, 0xad,
  0x8a, 0x71, 0x92, 0x2d, 0x2e, 0x8d, 0x2a, 0xf9, 0x69, 0x91, 0xb8, 0xb5, 0xea, 0x14, 0xb7, 0x59,
  0x6b, 0xf2, 0xa8, 0xb3, 0xdd, 0x16, 0x8b, 0x4b, 0xab, 0xcd, 0x61, 0x9a, 0x35, 0x27, 0x8f, 0x2e,
  0xfb, 0x76, 0xf5, 0x9c, 0x3c, 0xfa, 0xec, 0x4c, 0xc2, 0x63, 0x26, 0x02, 0xc0, 0x88, 0x32, 0x40,
  0x4e, 0xc8, 0x02, 0xe8, 0xe5, 0x43, 0x00, 0xd3, 0x7d, 0x11, 0x60, 0xba, 0x2b, 0x01, 0x2c, 0xb3,
  0x69, 0x80, 0xa1, 0x82, 0x5b, 0x5d, 0x8c, 0x49, 0x78, 0x97, 0x39, 0x75, 0x75, 0xa6, 0xee, 0x53,
  0x66, 0xb5, 0x25, 0x98, 0x59, 0x6c, 0x99, 0xd5, 0x15, 0xeb, 0xea, 0x3e, 0x63, 0xc6, 0x50, 0xad,
  0xbb, 0x4a, 0x24, 0x19, 0x53, 0xd6, 0x55, 0xc2, 0xb1, 0x78, 0xcc, 0x49, 0x4d, 0x29, 0xe5, 0xa2,
  0x32, 0x47, 0xbd, 0x25, 0x14, 0x0b, 0xcb, 0x12, 0xd5, 0xa5, 0x90, 0x3f, 0x50, 0x4b, 0xd0, 0xa7,
  0xac, 0x79, 0x59, 0x00, 0x4c, 0x5c, 0x10, 0x60, 0xf1, 0x4e, 0x01, 0x34, 0x9a, 0x2a, 0xc2, 0xa4,
  0x55, 0x3b, 0x7b, 0xb4, 0x69, 0xb3, 0x12, 0x9d, 0xea, 0xd2, 0x6d, 0x28, 0x52, 0x75, 0xb2, 0x0b,
  0x8f, 0x31, 0x4b, 0xb3, 0x8e, 0x0a, 0x5a, 0xa6, 0x28, 0xdd, 0xd2, 0xa2, 0x4c, 0x9a, 0x92, 0xe2,
  0x0a, 0x8e, 0x78, 0x65, 0x8a, 0xd2, 0x22, 0xc5, 0x6a, 0x8f, 0x39, 0xe9, 0x0a, 0xd1, 0x9a, 0x3c,
  0xe6, 0xac, 0x26, 0x59, 0x72, 0x72, 0x59, 0xb2, 0x98, 0x62, 0x8a, 0x4b, 0x6e, 0x89, 0x64, 0x8a,
  0xc9, 0x1f, 0xaa, 0xc9, 0xd3, 0x2d, 0xa6, 0x5a, 0x98, 0x86, 0x84, 0xbb, 0x98, 0x7c, 0xd6, 0xe8,
  0x8b, 0x9c, 0x16, 0xf2, 0x5b, 0xab, 0x2f, 0xaa, 0xcb, 0xd0, 0x57, 0xae, 0x2e, 0xeb, 0x4e, 0xa3,
  0x58, 0xd9, 0xba, 0xe4, 0x26, 0x58, 0x6c, 0x63, 0xeb, 0xa2, 0x1e, 0x17, 0xb1, 0x4d, 0xa2, 0xf7,
  0xa9, 0x09, 0xc3, 0x57, 0xa0, 0x81, 0x35, 0x11, 0xb3, 0x9e, 0x84, 0x00, 0xbd, 0x51, 0x10, 0xe0,
  0x07, 0xb9, 0x1a, 0x5c, 0xe3, 0x70, 0x8e, 0x56, 0x69, 0x08, 0x8d, 0xda, 0x39, 0x5a, 0x96, 0x21,
  0x77, 0xcc, 0x30, 0x6b, 0xb9, 0x86, 0x52, 0x39, 0xdd, 0xad, 0xe3, 0x1a, 0x4b, 0xd4, 0xb0, 0x88,
  0x96, 0x67, 0x2c, 0xc1, 0xc3, 0xb2, 0x46, 0xaf, 0xa9, 0xf8, 0x74, 0xf5, 0x1e, 0xb3, 0x96, 0xec,
  0x33, 0xc5, 0xa7, 0xca, 0x5a, 0xb2, 0xef, 0x64, 0xef, 0x2a, 0x65, 0xcd, 0x6e, 0x92, 0x3c, 0xab,
  0xb6, 0x35, 0xf9, 0x76, 0xce, 0xac, 0x92, 0xd6, 0xe4, 0xd2, 0xc5, 0xaa, 0xb2, 0x59, 0x83, 0xd6,
  0x32, 0xad, 0x68, 0x6a, 0xf5, 0x46, 0x47, 0x34, 0x9d, 0xa1, 0xc5, 0x59, 0xab, 0x60, 0xb3, 0x16,
  0x96, 0x29, 0xc2, 0x2c, 0x22, 0x21, 0x01, 0x0a, 0x4d, 0x47, 0x40, 0x96, 0x61, 0x00, 0x0f,
};
static const uint8_t VOC_BITS_WX5[] = {   // "fog closes the world to arm's length."  (frames=98, bytes=502)
  0x00, 0x00, 0x04, 0x68, 0xb1, 0xdc, 0x45, 0x45, 0x47, 0x84, 0x69, 0x9c, 0x56, 0xc5, 0xb8, 0x41,
  0x1e, 0x97, 0x47, 0x95, 0xfc, 0x34, 0x6b, 0x5e, 0x1e, 0x55, 0x0a, 0x5b, 0xac, 0x35, 0x69, 0x15,
  0xd9, 0xed, 0x88, 0xc4, 0xe5, 0x96, 0xe7, 0x30, 0x2d, 0x52, 0x97, 0x57, 0x9e, 0x43, 0x97, 0x4a,
  0x4d, 0x4e, 0x45, 0x36, 0xa9, 0x1e, 0xbe, 0x50, 0x54, 0xce, 0xa8, 0x74, 0xdb, 0x08, 0x55, 0x15,
  0x27, 0x14, 0x1a, 0x89, 0x51, 0xad, 0xa4, 0xeb, 0x74, 0x26, 0x42, 0x80, 0x34, 0x2c, 0x04, 0x48,
  0x57, 0xca, 0x00, 0xe9, 0x18, 0x0b, 0x20, 0xbb, 0x11, 0x04, 0x38, 0x9b, 0xea, 0x2a, 0x6f, 0xc7,
  0x59, 0xaa, 0xd2, 0xa8, 0xb2, 0xea, 0x52, 0xcc, 0x5b, 0xa3, 0xce, 0x7a, 0x52, 0x38, 0x56, 0x8e,
  0x36, 0x99, 0x0a, 0x51, 0xdf, 0x34, 0xba, 0xa4, 0xca, 0x5c, 0xbc, 0x53, 0x1b, 0x32, 0x0f, 0xf5,
  0xb4, 0x95, 0x68, 0xa8, 0x30, 0x59, 0x2a, 0x3a, 0x8e, 0xfe, 0x72, 0x33, 0x02, 0x4b, 0xa3, 0x80,
  0xc5, 0x43, 0x53, 0x53, 0x65, 0x90, 0x85, 0x2f, 0x6a, 0x4d, 0xd6, 0x26, 0xee, 0x71, 0xb9, 0x74,
  0xd9, 0xaa, 0xba, 0xe5, 0x98, 0xd4, 0x15, 0x1e, 0xa2, 0x61, 0x8f, 0x52, 0xb7, 0xa9, 0x3b, 0x92,
  0xa7, 0x56, 0x40, 0x05, 0x21, 0x08, 0x68, 0xbc, 0x88, 0x00, 0xc4, 0x95, 0x86, 0x31, 0x19, 0x57,
  0xd3, 0x98, 0x3d, 0xc6, 0xe4, 0xc2, 0xcc, 0x6c, 0x55, 0x9a, 0x5d, 0x49, 0x09, 0xce, 0x95, 0x66,
  0x11, 0x23, 0x55, 0xd9, 0x36, 0x92, 0x85, 0x3d, 0x31, 0xe5, 0x8e, 0x4c, 0x26, 0xfe, 0xc4, 0x9c,
  0xca, 0x96, 0x19, 0xc4, 0x95, 0x54, 0xe8, 0xc6, 0xa1, 0x37, 0x5b, 0xbd, 0x21, 0x5b, 0x85, 0xce,
  0x0d, 0xb1, 0x85, 0x68, 0x15, 0xba, 0xb0, 0xc8, 0x87, 0xa2, 0x63, 0xea, 0xd3, 0x25, 0x6f, 0xf4,
  0x9c, 0xad, 0x4f, 0x9d, 0xd3, 0xc5, 0x3a, 0x8d, 0x21, 0x85, 0x0a, 0x53, 0xe9, 0xdd, 0x86, 0x18,
  0x26, 0x85, 0x63, 0xd5, 0x18, 0x92, 0xec, 0x51, 0xb2, 0x55, 0x6e, 0x8c, 0xbc, 0x4b, 0xd1, 0x1e,
  0xa9, 0x51, 0xb8, 0x16, 0xb6, 0x9a, 0x83, 0x7a, 0x60, 0x3b, 0x32, 0x4c, 0x36, 0x28, 0xa0, 0x8b,
  0x64, 0x07, 0x54, 0x65, 0x98, 0x86, 0x2c, 0x8d, 0x6d, 0xbc, 0x65, 0x1b, 0x12, 0x0f, 0xb7, 0x94,
  0x5c, 0x69, 0xd4, 0xa9, 0xc5, 0xc5, 0x37, 0xaa, 0x51, 0xd7, 0x52, 0xd3, 0x58, 0xe9, 0x06, 0xbf,
  0x9c, 0x35, 0x6b, 0x41, 0xea, 0x43, 0x2f, 0x37, 0xcd, 0x0e, 0xa3, 0x8f, 0xad, 0xc2, 0xcc, 0x73,
  0x94, 0x3e, 0x8e, 0x08, 0x37, 0xcb, 0x31, 0x86, 0x34, 0x35, 0x22, 0xb4, 0xd7, 0x18, 0xf2, 0x10,
  0xcf, 0x94, 0xdc, 0x6d, 0xcc, 0x93, 0x33, 0x82, 0x3b, 0x95, 0x31, 0x56, 0x31, 0x37, 0xce, 0x12,
  0xc6, 0xe8, 0x4d, 0x2d, 0xc4, 0x6b, 0x99, 0x9c, 0x93, 0x4a, 0xd5, 0xd4, 0x68, 0x6a, 0x50, 0xc2,
  0xca, 0x6d, 0x29, 0x20, 0x82, 0x34, 0x02, 0x2c, 0x39, 0x21, 0x80, 0xa8, 0x4c, 0xdd, 0x12, 0x6d,
  0x84, 0x91, 0x37, 0x09, 0x8b, 0xd7, 0x6b, 0xc4, 0x35, 0x29, 0x4c, 0x41, 0x9e, 0x13, 0xd7, 0xe4,
  0x36, 0x46, 0xbb, 0xc6, 0xd6, 0x65, 0xc6, 0x98, 0xed, 0xb8, 0xea, 0x94, 0x3d, 0x63, 0x71, 0x69,
  0x9a, 0x13, 0xfb, 0xcc, 0xd5, 0x99, 0x59, 0x76, 0xe5, 0xb1, 0x54, 0x67, 0xea, 0x59, 0x95, 0xdb,
  0x5a, 0x8d, 0x5a, 0x79, 0x96, 0x29, 0x5b, 0xd6, 0x9c, 0x2b, 0x6e, 0x4d, 0x6d, 0xd1, 0xc8, 0x38,
  0xa6, 0x3b, 0xb3, 0x05, 0xa7, 0x99, 0xac, 0x51, 0xd1, 0x14, 0x9d, 0x47, 0x1b, 0xd9, 0x01, 0x40,
  0x40, 0xb5, 0xa1, 0x00, 0x00, 0x0f,
};
static const uint8_t VOC_BITS_QUAKE[] = {   // "the ground heaves."  (frames=46, bytes=239)
  0xa0, 0x86, 0x6a, 0xd4, 0xdc, 0xcd, 0xf6, 0x18, 0x8b, 0x35, 0xb5, 0xb0, 0x59, 0x6b, 0xac, 0x89,
  0xc5, 0x23, 0x56, 0x86, 0xa9, 0x26, 0xa2, 0x48, 0x5f, 0x81, 0x66, 0xa3, 0x59, 0x67, 0xb5, 0x82,
  0x5a, 0xf2, 0x0c, 0x49, 0x15, 0x59, 0x04, 0x48, 0x87, 0xd4, 0xf5, 0x71, 0xb0, 0xa9, 0x7a, 0xea,
  0xd0, 0x85, 0x46, 0x15, 0x94, 0x2d, 0x5a, 0x9b, 0x1b, 0x66, 0x98, 0xb5, 0x5c, 0x75, 0x69, 0x12,
  0x6e, 0xd1, 0xf1, 0x94, 0x25, 0x6a, 0x6a, 0xe6, 0xac, 0x95, 0x97, 0xe4, 0x21, 0x31, 0x95, 0x57,
  0x96, 0x43, 0xb9, 0x64, 0x97, 0x5d, 0x59, 0x8e, 0x6d, 0x5c, 0x1d, 0x76, 0x64, 0xc9, 0x8d, 0x53,
  0x75, 0xd5, 0x91, 0x25, 0xd3, 0xce, 0x59, 0x95, 0x53, 0xe6, 0x75, 0xa4, 0x6a, 0xc5, 0x55, 0x19,
  0xf7, 0x99, 0x4e, 0x11, 0xaf, 0x65, 0x3d, 0x04, 0x49, 0xa6, 0x63, 0x05, 0x24, 0xc5, 0xea, 0xba,
  0xee, 0x98, 0x35, 0x3b, 0xb2, 0x6b, 0xab, 0x42, 0xc9, 0x9e, 0x50, 0xae, 0xae, 0x02, 0x75, 0xa6,
  0x0d, 0x97, 0xb2, 0x29, 0x94, 0xda, 0x0e, 0x5c, 0xca, 0xe1, 0x90, 0xbc, 0xb7, 0x4c, 0x29, 0x87,
  0x25, 0xb4, 0xd9, 0xd2, 0xa3, 0x9e, 0x81, 0x91, 0x7b, 0xaa, 0xa4, 0x7e, 0x44, 0x02, 0xdd, 0x19,
  0xdd, 0xc6, 0x61, 0x18, 0x75, 0x7b, 0x72, 0x9a, 0x7b, 0x24, 0xb4, 0xae, 0x49, 0x65, 0x6d, 0x91,
  0xc8, 0x2b, 0x56, 0x99, 0xad, 0x18, 0x92, 0x4c, 0x5d, 0xe9, 0xb6, 0x42, 0x55, 0xb5, 0xdc, 0x35,
  0x03, 0xaa, 0x4c, 0x21, 0xc0, 0xa6, 0x1e, 0x0c, 0x38, 0xaa, 0x8b, 0x01, 0x47, 0xed, 0x30, 0xe0,
  0xeb, 0x2c, 0x01, 0x7c, 0x55, 0x81, 0x80, 0xad, 0xbb, 0x11, 0x50, 0x4d, 0x09, 0xc0, 0x03,
};
static const uint8_t VOC_BITS_FIRE[] = {   // "fire."  (frames=24, bytes=98)
  0x00, 0x00, 0x08, 0x68, 0xb1, 0x9c, 0x00, 0x3e, 0xbb, 0xa6, 0x3a, 0x86, 0x29, 0x51, 0xbf, 0x35,
  0xaa, 0xe4, 0xb7, 0xd9, 0xfc, 0xd6, 0xa8, 0x52, 0x9e, 0x12, 0xcf, 0x29, 0xa7, 0xca, 0xa9, 0x4b,
  0xad, 0xa6, 0xb4, 0x2a, 0xa7, 0x74, 0xcb, 0x9c, 0x7c, 0xaa, 0x92, 0x34, 0x22, 0x73, 0x72, 0xab,
  0xdb, 0x60, 0x0b, 0xcf, 0x99, 0xa3, 0x6d, 0x9b, 0x34, 0x22, 0x16, 0x96, 0xa1, 0x2e, 0xf2, 0xb0,
  0x58, 0x11, 0xc6, 0x7a, 0xc8, 0x53, 0xbc, 0x43, 0x18, 0x4b, 0xc7, 0x88, 0xd4, 0x05, 0x02, 0xf0,
  0x09, 0x97, 0x00, 0x29, 0xc3, 0x22, 0x20, 0x06, 0x58, 0x04, 0xa4, 0x00, 0x85, 0x80, 0x92, 0xc1,
  0xe0, 0x01,
};
static const uint8_t VOC_BITS_FLOOD[] = {   // "flash flood."  (frames=37, bytes=185)
  0x80, 0x80, 0x16, 0xda, 0x15, 0xd0, 0x99, 0x77, 0x28, 0x0b, 0xca, 0x31, 0xd2, 0x24, 0xad, 0x8c,
  0xf2, 0x82, 0x34, 0x47, 0x97, 0x32, 0xc5, 0x0d, 0xb6, 0x29, 0x73, 0x8a, 0x1c, 0xc6, 0xd5, 0xb6,
  0xca, 0x29, 0x4a, 0xc8, 0x94, 0x58, 0xdb, 0x27, 0x2f, 0x31, 0x42, 0x63, 0xa3, 0xac, 0xac, 0x64,
  0x75, 0xaf, 0xb5, 0x52, 0xd2, 0x6c, 0x35, 0xbd, 0x8a, 0x74, 0x49, 0x1b, 0x13, 0xa6, 0xc8, 0x9a,
  0x01, 0x58, 0x92, 0xc5, 0x01, 0xa7, 0xd5, 0x2a, 0x60, 0xe4, 0x69, 0x04, 0xf4, 0x1c, 0x4e, 0x80,
  0xe6, 0xcb, 0x04, 0xd0, 0x99, 0xa7, 0xab, 0x0a, 0xb2, 0x09, 0x91, 0x26, 0xa5, 0xca, 0xb8, 0xc6,
  0x91, 0x1f, 0x95, 0x3a, 0x8a, 0x6d, 0xc1, 0xb8, 0xd4, 0x9a, 0xa4, 0x2f, 0x89, 0x7b, 0xf2, 0xe8,
  0x92, 0xbd, 0x24, 0xed, 0x49, 0x63, 0x48, 0x61, 0x93, 0x75, 0xaa, 0xac, 0x31, 0xdb, 0x29, 0x91,
  0x99, 0xbc, 0xa6, 0x6c, 0x27, 0x55, 0x7b, 0xcc, 0x5a, 0x72, 0xac, 0x10, 0x9f, 0x32, 0x63, 0xcd,
  0x3e, 0xcd, 0x62, 0xca, 0xac, 0xad, 0xf8, 0x50, 0x8b, 0x29, 0xd3, 0xb6, 0x6a, 0x42, 0xd5, 0x66,
  0x0c, 0xda, 0x82, 0x36, 0xf6, 0xea, 0xc2, 0x66, 0xab, 0xc2, 0xd4, 0x22, 0x22, 0x89, 0xad, 0xdb,
  0x12, 0x8e, 0x58, 0x88, 0x80, 0x60, 0x35, 0x00, 0x1e,
};
static const uint8_t VOC_BITS_DARK[] = {   // "steps off the map, and into the dark."  (frames=110, bytes=460)
  0x80, 0x80, 0xad, 0x37, 0x19, 0xf0, 0x6d, 0x26, 0x02, 0xae, 0xad, 0x46, 0xc0, 0x75, 0xd3, 0x40,
  0x80, 0x22, 0x5c, 0x5b, 0x5e, 0x9d, 0x8a, 0x47, 0x97, 0x3e, 0x79, 0x0d, 0xaa, 0xee, 0x1b, 0xf9,
  0xe4, 0x35, 0xa9, 0xb9, 0x77, 0xe5, 0x94, 0xa7, 0x24, 0x6e, 0x99, 0x93, 0x50, 0x01, 0x4c, 0x58,
  0x44, 0x36, 0x04, 0x05, 0x4c, 0x1e, 0xca, 0x80, 0xa3, 0x26, 0x04, 0xb0, 0x58, 0x2a, 0x01, 0xa2,
  0x2c, 0x43, 0x80, 0xe9, 0x19, 0xa9, 0x48, 0xa1, 0x42, 0x2d, 0x27, 0xaf, 0x32, 0xc5, 0x49, 0xf6,
  0xaa, 0x35, 0xaa, 0x14, 0x37, 0xd9, 0xab, 0xd6, 0xaa, 0xb2, 0x9b, 0x26, 0xab, 0x59, 0xa3, 0x4a,
  0x7e, 0x9b, 0x22, 0x47, 0x97, 0x3a, 0xd9, 0x29, 0x32, 0x1f, 0x6c, 0x6a, 0x1f, 0x23, 0xd0, 0xd2,
  0x14, 0xaa, 0x0b, 0x57, 0x46, 0xf5, 0xb8, 0x00, 0x08, 0x08, 0x2e, 0xbc, 0x0d, 0xd9, 0x98, 0x79,
  0xc4, 0xe4, 0x35, 0x64, 0xeb, 0x66, 0x6e, 0xb7, 0xd2, 0x14, 0xad, 0x9a, 0xab, 0xad, 0x6c, 0x53,
  0x31, 0xa6, 0x2e, 0xb4, 0x3a, 0xcd, 0xc5, 0xa8, 0xba, 0xd0, 0xea, 0x36, 0x67, 0x6d, 0x6a, 0x2e,
  0xb7, 0xd6, 0x5c, 0xbc, 0x99, 0x65, 0x8d, 0x39, 0x73, 0xf5, 0xae, 0x9e, 0x5d, 0xe5, 0xcc, 0xcd,
  0x87, 0x79, 0xf4, 0x98, 0xb3, 0xb4, 0x18, 0x66, 0xde, 0x55, 0xcf, 0xda, 0x42, 0xb8, 0x79, 0x4f,
  0x39, 0x6b, 0x8d, 0x1e, 0x96, 0x13, 0xe5, 0xac, 0x25, 0x78, 0x78, 0x54, 0xd5, 0xb0, 0xa6, 0xe0,
  0x66, 0x1e, 0x65, 0xd0, 0xac, 0x75, 0xa8, 0xb9, 0xc5, 0x02, 0x40, 0x40, 0x08, 0x12, 0x08, 0xb0,
  0x49, 0x12, 0x00, 0x00, 0x00, 0x00, 0x00, 0x00, 0x00, 0x00, 0x80, 0x00, 0xd1, 0x6a, 0xaf, 0xbe,
  0x39, 0xb5, 0xcc, 0xa9, 0x7c, 0xfa, 0x6e, 0x5c, 0xbd, 0x6a, 0xcc, 0x19, 0x9a, 0x35, 0x0d, 0xdf,
  0xc8, 0x6b, 0xa8, 0x46, 0x35, 0x6c, 0xc3, 0xa4, 0xc1, 0x6b, 0x8b, 0x92, 0x30, 0x9f, 0xfa, 0xa2,
  0x44, 0x2b, 0x27, 0xb2, 0xe8, 0xab, 0x66, 0x9d, 0xee, 0x20, 0xa5, 0xef, 0x86, 0x79, 0x3a, 0x8d,
  0xae, 0xbe, 0x19, 0xb2, 0xad, 0x26, 0x3b, 0xfa, 0x2a, 0x54, 0xb6, 0xc3, 0x78, 0xe9, 0x83, 0xd6,
  0x18, 0x75, 0xf9, 0x62, 0x60, 0xc9, 0x4b, 0x38, 0xd3, 0x91, 0x81, 0xf8, 0x32, 0x63, 0x52, 0x6a,
  0x80, 0xca, 0x4a, 0x03, 0x70, 0x24, 0x6b, 0xe8, 0x8b, 0x30, 0xb6, 0xc9, 0x16, 0xad, 0xcf, 0x46,
  0x38, 0x32, 0x56, 0xa6, 0x21, 0x4b, 0x13, 0x2f, 0x5b, 0xa9, 0x26, 0xaf, 0x55, 0xc3, 0xfd, 0x86,
  0x99, 0x8a, 0x36, 0x31, 0xf7, 0x2a, 0x6b, 0x2a, 0x56, 0xc5, 0xbd, 0x66, 0x8d, 0xb9, 0x39, 0x17,
  0x95, 0x7c, 0x28, 0xd6, 0x2c, 0x8d, 0x35, 0xea, 0x82, 0x59, 0x0b, 0x13, 0x11, 0x73, 0xbb, 0x0e,
  0xc8, 0xcc, 0xb4, 0xb5, 0xd5, 0x39, 0xab, 0x7b, 0xab, 0xd5, 0x66, 0x1f, 0xe6, 0xa1, 0x1d, 0x57,
  0x97, 0x43, 0xb9, 0xbb, 0xe6, 0x1c, 0x7d, 0x1a, 0x1e, 0x49, 0xd1, 0x71, 0x8c, 0x69, 0x5b, 0x14,
  0x7b, 0xcf, 0x32, 0xe6, 0x25, 0x31, 0xe4, 0x3d, 0xda, 0x92, 0x27, 0x7b, 0x9b, 0xf6, 0x48, 0x6b,
  0x59, 0x18, 0xe1, 0x36, 0x53, 0xac, 0xf5, 0x60, 0x98, 0xda, 0x02, 0x06, 0xa4, 0x08, 0x05, 0xc0,
  0x80, 0xd6, 0xd9, 0x11, 0x50, 0x03, 0x31, 0x02, 0x5a, 0x26, 0x06, 0x78,
};
static const uint8_t VOC_BITS_CORRECT[] = {   // "that is correct."  (frames=39, bytes=187)
  0x40, 0x5a, 0x12, 0x7d, 0x94, 0xc3, 0xea, 0x68, 0xab, 0x36, 0x89, 0xcc, 0x31, 0xa7, 0x6d, 0x26,
  0xc4, 0x22, 0xc7, 0x9c, 0xa6, 0x05, 0x57, 0xb7, 0xae, 0x72, 0xea, 0x1a, 0xcc, 0x3c, 0xb6, 0xca,
  0xa9, 0xaa, 0x37, 0xf3, 0xd8, 0x2a, 0xa9, 0xaa, 0xce, 0xd9, 0xac, 0x47, 0xb3, 0xb2, 0x5a, 0x65,
  0xf3, 0x9e, 0x3c, 0xca, 0x6a, 0x85, 0x33, 0x66, 0x74, 0xaa, 0xaa, 0x11, 0x4e, 0x9f, 0xd1, 0xad,
  0xce, 0x96, 0x25, 0x7d, 0x47, 0xa3, 0x7a, 0x60, 0x17, 0x8a, 0xec, 0xec, 0x80, 0x41, 0x9c, 0x0d,
  0x30, 0xfc, 0x27, 0x03, 0x6a, 0x75, 0x40, 0x40, 0x5b, 0xa1, 0x0a, 0xa8, 0x3d, 0x98, 0x00, 0x3e,
  0x62, 0xa6, 0x31, 0x35, 0x2c, 0x55, 0x5b, 0x14, 0xc6, 0x30, 0x29, 0x43, 0xb4, 0xa3, 0x1b, 0xfd,
  0xc0, 0x36, 0xb1, 0x15, 0x61, 0x8c, 0x0b, 0xdb, 0xd8, 0x3b, 0x96, 0x31, 0x4d, 0x8a, 0x10, 0xef,
  0xb9, 0xc6, 0x52, 0x25, 0x42, 0x23, 0xe7, 0x1a, 0x4b, 0xd6, 0xb0, 0x88, 0x85, 0x67, 0x2e, 0x49,
  0xc3, 0xb2, 0x66, 0x8e, 0xb9, 0x44, 0x71, 0xcf, 0xaa, 0x64, 0xa6, 0x9a, 0x51, 0x35, 0xa3, 0x12,
  0xe9, 0x5a, 0x27, 0x94, 0xb0, 0x4a, 0x08, 0x08, 0xd1, 0x02, 0x40, 0x00, 0x53, 0x94, 0x10, 0xa0,
  0xfb, 0x66, 0x04, 0xd4, 0xce, 0x84, 0x80, 0x1c, 0xc9, 0xe1, 0x01,
};
static const uint8_t VOC_BITS_INCORRECT[] = {   // "that is incorrect."  (frames=45, bytes=226)
  0x40, 0x5a, 0x12, 0x7d, 0x94, 0xc3, 0xea, 0x68, 0xab, 0x36, 0x89, 0xcc, 0x31, 0xa7, 0xad, 0xc6,
  0xc5, 0xa3, 0xc6, 0x9c, 0xa6, 0x05, 0x57, 0xb7, 0xae, 0x72, 0xea, 0x1a, 0x4d, 0x23, 0xb7, 0xca,
  0xa9, 0xaa, 0x33, 0xf5, 0xd8, 0x2a, 0xa1, 0x2a, 0x56, 0x45, 0x6d, 0x0a, 0x89, 0xa2, 0x5a, 0x11,
  0xf7, 0xae, 0x32, 0x8a, 0x62, 0x59, 0x32, 0xb6, 0x72, 0x2a, 0x8b, 0x61, 0x49, 0xdf, 0xd2, 0xad,
  0xca, 0x86, 0x35, 0x6d, 0xc7, 0x84, 0xaa, 0x11, 0x17, 0x8e, 0xe8, 0x54, 0xea, 0x2d, 0x5c, 0x11,
  0x2d, 0x35, 0x03, 0x2a, 0x34, 0x33, 0x80, 0xf2, 0xd2, 0xaa, 0x2a, 0x9a, 0x6c, 0x6b, 0x82, 0xb4,
  0xaa, 0x2a, 0xf2, 0xcd, 0x16, 0x3b, 0xca, 0x2a, 0xd9, 0x36, 0x8b, 0x7c, 0x2b, 0x23, 0x77, 0x3f,
  0x71, 0xfb, 0xa1, 0xb2, 0xde, 0x9a, 0x39, 0xdd, 0xa9, 0x5a, 0x79, 0xcf, 0x40, 0xad, 0x67, 0xea,
  0x6c, 0x44, 0x32, 0xc4, 0x96, 0x00, 0x6a, 0x75, 0x56, 0x40, 0x88, 0xa4, 0x69, 0x48, 0x0d, 0xd3,
  0x39, 0x5a, 0x86, 0x21, 0x74, 0xca, 0x64, 0xeb, 0xe1, 0xc6, 0x70, 0xb0, 0x4c, 0x6c, 0x45, 0x18,
  0xc3, 0xc4, 0x0a, 0xf6, 0x0e, 0x65, 0xc8, 0x9b, 0xda, 0xd8, 0x3b, 0xad, 0xa1, 0x34, 0x09, 0x73,
  0xeb, 0xb4, 0xa6, 0x92, 0x34, 0x2c, 0xa2, 0xe1, 0x99, 0x4b, 0x70, 0xb7, 0xca, 0x06, 0x6b, 0x2d,
  0x49, 0xdc, 0xab, 0x6a, 0x85, 0xb5, 0x46, 0x72, 0xcf, 0x28, 0x85, 0xa6, 0x36, 0x90, 0x45, 0x6d,
  0x11, 0x02, 0xbc, 0xd7, 0x04, 0x60, 0x40, 0x93, 0x49, 0x0c, 0x98, 0xaa, 0x05, 0x01, 0xb5, 0x09,
  0x01, 0x3c,
};
static const uint8_t VOC_BITS_LIGHT[] = {   // "back into the light."  (frames=45, bytes=246)
  0xd0, 0xda, 0xe2, 0x4c, 0x3d, 0x63, 0xd2, 0x69, 0x6b, 0x54, 0xf3, 0x98, 0x32, 0xa7, 0xad, 0xd1,
  0xcd, 0x63, 0xaa, 0x9c, 0xa6, 0x46, 0x77, 0x8f, 0xa9, 0x72, 0xea, 0x9a, 0xc3, 0x3d, 0x7a, 0xcc,
  0x29, 0x4b, 0xd2, 0xc8, 0xaa, 0x32, 0xaa, 0xac, 0x09, 0xdd, 0x23, 0x05, 0x87, 0x2a, 0x71, 0x62,
  0x4b, 0x4f, 0x2c, 0x80, 0x51, 0xd9, 0x05, 0xd0, 0x14, 0x86, 0xea, 0x9a, 0x45, 0xed, 0x99, 0xd0,
  0xad, 0xed, 0x8e, 0xb8, 0x6a, 0x43, 0xaf, 0xba, 0x49, 0x96, 0xad, 0x0e, 0x32, 0xf2, 0xcc, 0xcd,
  0x2f, 0x42, 0x7c, 0xcb, 0xa2, 0x74, 0x1b, 0x35, 0xeb, 0x22, 0xa3, 0xc9, 0x5b, 0x34, 0xbd, 0x91,
  0x9c, 0xf9, 0xb4, 0x64, 0x4a, 0x56, 0xaa, 0xa3, 0xdb, 0x34, 0xc2, 0x91, 0x03, 0x86, 0x0a, 0x0a,
  0x55, 0x56, 0xc2, 0xde, 0xb9, 0xa0, 0xd5, 0xc5, 0x08, 0x47, 0xc6, 0xc6, 0xd4, 0x26, 0x23, 0x52,
  0x56, 0x0b, 0x4d, 0xef, 0xb4, 0x5a, 0x5a, 0xcc, 0x14, 0x43, 0x56, 0x6e, 0xe2, 0x1e, 0xbb, 0x8d,
  0x59, 0x75, 0xb0, 0xc5, 0xec, 0x31, 0x25, 0x37, 0x41, 0xd2, 0x93, 0xd3, 0x1c, 0xd5, 0x26, 0x49,
  0x5d, 0x0a, 0x73, 0xe0, 0x5b, 0x0c, 0x35, 0x4b, 0xcc, 0x9e, 0x5d, 0x82, 0xd4, 0xc4, 0x34, 0x3a,
  0x77, 0x8e, 0x3a, 0xa3, 0xdb, 0x90, 0xd4, 0x15, 0x49, 0x8e, 0x1a, 0x43, 0x36, 0xd3, 0xcc, 0x3d,
  0x7a, 0x8d, 0xd9, 0x4d, 0xb1, 0x4d, 0xe5, 0x35, 0x17, 0xd7, 0x29, 0x56, 0x63, 0xce, 0x5a, 0x7d,
  0xba, 0x7a, 0x4f, 0x29, 0x5b, 0xcd, 0x6a, 0x5a, 0x53, 0xa5, 0xec, 0xd5, 0x89, 0x46, 0xf5, 0x18,
  0xb5, 0x37, 0xe5, 0xac, 0xeb, 0x83, 0xd4, 0x5e, 0xa4, 0x4a, 0x64, 0x46, 0x26, 0x40, 0xe1, 0xc6,
  0x08, 0x68, 0x2a, 0x18, 0xe0, 0x01,
};
static const uint8_t VOC_BITS_CLEARED[] = {   // "picked clean. every last piece."  (frames=115, bytes=396)
  0xc0, 0x80, 0xec, 0x58, 0x5d, 0xd6, 0xa2, 0xb0, 0x44, 0x54, 0x1e, 0x69, 0x31, 0xac, 0x55, 0x15,
  0x78, 0xa5, 0x3d, 0x08, 0x45, 0xd4, 0xe8, 0x90, 0xf5, 0x84, 0x54, 0xd9, 0x83, 0x51, 0x96, 0x24,
  0xd8, 0x75, 0x98, 0x02, 0x20, 0x40, 0x35, 0x2e, 0x08, 0xc8, 0x5a, 0x18, 0x18, 0x10, 0xbb, 0x28,
  0x03, 0xb2, 0x6b, 0x73, 0xa5, 0x73, 0x23, 0x62, 0x15, 0xbb, 0x95, 0xd1, 0xb4, 0xaa, 0x76, 0xd5,
  0x51, 0x25, 0x9b, 0x62, 0x31, 0x65, 0x4f, 0x53, 0x1d, 0xab, 0xfb, 0xd6, 0x2e, 0x5d, 0x8f, 0x44,
  0x99, 0x3d, 0x7a, 0x0d, 0xdd, 0x13, 0x4d, 0x67, 0x98, 0x36, 0x36, 0x4d, 0xba, 0x69, 0xd6, 0xcb,
  0x5c, 0x0d, 0xd9, 0x84, 0x99, 0x67, 0x6b, 0x36, 0x9c, 0x45, 0x16, 0xdd, 0xac, 0xd1, 0x70, 0xb9,
  0xb8, 0x79, 0xb4, 0x46, 0xcb, 0xc9, 0xe1, 0xf4, 0x10, 0x40, 0x83, 0x14, 0x02, 0x74, 0x92, 0x04,
  0x00, 0x00, 0x00, 0x00, 0x00, 0x00, 0x00, 0x00, 0x00, 0x00, 0x00, 0x00, 0x00, 0x00, 0x00, 0x00,
  0x00, 0x00, 0x80, 0x50, 0xf5, 0x28, 0x1a, 0xd9, 0x65, 0x4e, 0xd5, 0x82, 0x68, 0xe6, 0x54, 0x5e,
  0x55, 0x73, 0x26, 0xd1, 0x39, 0x71, 0x55, 0x25, 0xb2, 0x67, 0xe5, 0xa4, 0x56, 0xe5, 0x42, 0xe9,
  0xe6, 0x0b, 0x4d, 0x95, 0x2a, 0xb6, 0x52, 0x34, 0x14, 0x55, 0x12, 0x62, 0xe2, 0xe6, 0x34, 0xe4,
  0x31, 0xb9, 0x49, 0x88, 0x93, 0x94, 0xc5, 0x89, 0x15, 0xe2, 0xab, 0x5a, 0x5a, 0x06, 0x96, 0x6a,
  0x2e, 0x1e, 0x69, 0x9b, 0xa8, 0xa1, 0xb5, 0x72, 0x64, 0x2d, 0x13, 0x46, 0xe5, 0xc2, 0x91, 0xb7,
  0x44, 0x94, 0x59, 0x33, 0x43, 0x99, 0xac, 0x68, 0x5a, 0x57, 0x0d, 0x75, 0x90, 0x15, 0xca, 0xb9,
  0x24, 0xd4, 0x91, 0x5c, 0xa0, 0xd6, 0xc2, 0x50, 0x7b, 0x7d, 0x4a, 0x36, 0x95, 0x46, 0x9d, 0xfc,
  0x9a, 0xd8, 0x96, 0x3d, 0x75, 0x8e, 0x1d, 0x12, 0x1b, 0xf9, 0xd4, 0x25, 0x54, 0xa8, 0x6f, 0x95,
  0x53, 0x97, 0x9c, 0x66, 0xb1, 0x55, 0x56, 0x5d, 0x92, 0x85, 0xf6, 0x48, 0x41, 0x4d, 0xf2, 0xe2,
  0x51, 0x05, 0x6b, 0x35, 0x43, 0x18, 0x8b, 0x5a, 0x24, 0x01, 0x2c, 0x91, 0x42, 0x80, 0x6b, 0x2a,
  0x11, 0xf0, 0x42, 0x06, 0x02, 0x1a, 0x17, 0x07, 0x50, 0x40, 0x4d, 0xc2, 0xa9, 0x2c, 0x06, 0x35,
  0xab, 0x4b, 0x8d, 0xb2, 0x59, 0xe2, 0xe8, 0x19, 0x5d, 0xca, 0x6e, 0x19, 0xa3, 0x6b, 0xf4, 0xa8,
  0x46, 0x14, 0xb0, 0xca, 0xcb, 0xa9, 0xed, 0x81, 0x21, 0xb2, 0x2e, 0xb9, 0xbe, 0x59, 0xc6, 0xaa,
  0x3a, 0x1d, 0x86, 0x6a, 0x98, 0x2a, 0xeb, 0x08, 0x1b, 0xaa, 0x67, 0x31, 0xad, 0xda, 0x0c, 0x18,
  0x22, 0x85, 0x01, 0x5b, 0x4d, 0x32, 0xe0, 0xe8, 0x2e, 0x06, 0x5c, 0xdd, 0xcd, 0x80, 0xef, 0x32,
  0x19, 0xf0, 0x4d, 0x17, 0x02, 0x8e, 0xce, 0x46, 0x40, 0x73, 0xab, 0xf0,
};
static const uint8_t VOC_BITS_STEP_UP[] = {   // "step right up. step right up."  (frames=117, bytes=376)
  0x80, 0x80, 0xad, 0x37, 0x19, 0xf0, 0x6d, 0x26, 0x02, 0xae, 0xad, 0x46, 0xc0, 0x75, 0xd3, 0x40,
  0x80, 0x22, 0x5c, 0x5b, 0x56, 0xad, 0xa8, 0xc7, 0x94, 0x3e, 0x59, 0x0d, 0x62, 0x1e, 0x17, 0xf9,
  0x64, 0x35, 0xa8, 0x7b, 0x4c, 0xe5, 0x91, 0xe7, 0x28, 0xe1, 0xd9, 0x65, 0x44, 0x11, 0xbd, 0x84,
  0x9a, 0x8f, 0x44, 0x95, 0x45, 0x66, 0x99, 0xd1, 0x08, 0x4c, 0x53, 0xa3, 0xbb, 0xb9, 0xca, 0x71,
  0x8d, 0x9e, 0x94, 0xa1, 0xd6, 0x92, 0x35, 0x7e, 0x62, 0x07, 0x47, 0x8b, 0xd4, 0xc4, 0x85, 0xe5,
  0xe2, 0x1d, 0x5b, 0x93, 0x86, 0x46, 0x48, 0x64, 0x3a, 0x6d, 0x8e, 0x9d, 0x6a, 0xde, 0xf3, 0xb4,
  0x25, 0x64, 0x4a, 0xc4, 0xac, 0xd3, 0xd5, 0xac, 0x66, 0x59, 0xb5, 0x4f, 0xdf, 0x32, 0x8b, 0xe7,
  0x54, 0x56, 0x43, 0xd5, 0x42, 0x59, 0x35, 0xba, 0x0c, 0xd5, 0x88, 0x6a, 0x76, 0x95, 0x31, 0x56,
  0xe3, 0x66, 0xde, 0x95, 0xce, 0x54, 0x5c, 0x9a, 0x79, 0x57, 0x3e, 0x73, 0x31, 0x1d, 0xea, 0x39,
  0x69, 0xad, 0xc5, 0x54, 0xaa, 0xc5, 0xa4, 0xb5, 0x16, 0xdd, 0x69, 0xe6, 0x97, 0xd3, 0x9a, 0x4d,
  0xa7, 0x7a, 0x5c, 0x4a, 0x6b, 0x8a, 0x19, 0xa2, 0x39, 0x19, 0x01, 0x34, 0x9b, 0x01, 0x00, 0x02,
  0x62, 0x64, 0x03, 0x00, 0x00, 0x00, 0x00, 0x00, 0x00, 0x00, 0x00, 0x00, 0x00, 0x00, 0x00, 0x00,
  0x00, 0x00, 0x00, 0x00, 0x00, 0x00, 0x00, 0x04, 0x5c, 0x3d, 0x45, 0x80, 0x6f, 0xaa, 0x11, 0x70,
  0xed, 0x34, 0x02, 0x4e, 0xe8, 0x04, 0x01, 0x04, 0xe1, 0xba, 0xb2, 0xea, 0x44, 0x3d, 0xa6, 0xcc,
  0xc9, 0x6a, 0x50, 0xf3, 0x98, 0x28, 0x2b, 0x2f, 0x51, 0xdd, 0xb3, 0x4b, 0xa7, 0x3c, 0x45, 0x09,
  0x8b, 0x9c, 0x8c, 0x0a, 0x6e, 0xd5, 0x2c, 0x7c, 0x22, 0x02, 0x80, 0xaa, 0x44, 0x40, 0xb4, 0xea,
  0xa6, 0xcd, 0x31, 0xc2, 0x4c, 0x94, 0x98, 0xd6, 0x0e, 0x6c, 0xe3, 0x6c, 0xe9, 0xda, 0xb0, 0xb0,
  0x9d, 0xbd, 0x65, 0x69, 0xd2, 0xe4, 0x0c, 0xd3, 0x9c, 0xab, 0x49, 0x35, 0xc2, 0xd5, 0x73, 0xad,
  0x36, 0xc7, 0x4a, 0xf1, 0x58, 0x79, 0xba, 0x12, 0xc2, 0x35, 0x63, 0xca, 0xe9, 0x6a, 0x16, 0xf5,
  0xea, 0xca, 0xa3, 0x6f, 0x81, 0x39, 0x72, 0x46, 0xa3, 0x21, 0x71, 0x95, 0xaa, 0x1a, 0xdd, 0x86,
  0x6a, 0x4d, 0x2d, 0xba, 0xf2, 0x19, 0x8b, 0x0d, 0xb7, 0xe8, 0xca, 0x67, 0x2a, 0xb6, 0x5c, 0x3d,
  0x27, 0xaf, 0x25, 0xfb, 0x4a, 0xb5, 0xae, 0xb4, 0xd6, 0xec, 0x3a, 0xd5, 0x72, 0xd2, 0x58, 0x8b,
  0x9a, 0x92, 0xf0, 0xcb, 0x6e, 0x4d, 0xbe, 0x42, 0x3c, 0x27, 0x99, 0x25, 0xf9, 0x0c, 0x11, 0x9f,
  0x04, 0x00, 0x80, 0x80, 0x94, 0xc4, 0x00, 0x1e,
};
static const uint8_t VOC_BITS_CARAVAN[] = {   // "the caravan is here."  (frames=54, bytes=289)
  0xa0, 0x86, 0x6a, 0xd4, 0xdc, 0xcd, 0xce, 0x18, 0x8a, 0x35, 0xd5, 0xf4, 0x45, 0x63, 0x68, 0x95,
  0xc5, 0x2c, 0x67, 0x99, 0xa1, 0x65, 0x42, 0x2f, 0x7b, 0x48, 0xea, 0x24, 0x89, 0xab, 0xb2, 0x36,
  0x02, 0xba, 0xb5, 0x52, 0xc0, 0xd0, 0x98, 0x08, 0x68, 0x92, 0x3c, 0xa4, 0xd5, 0x90, 0x66, 0x87,
  0xa9, 0x95, 0xd4, 0xc4, 0x1a, 0xed, 0x93, 0x56, 0x52, 0x07, 0x79, 0x84, 0x2f, 0x6c, 0x71, 0xd9,
  0x1c, 0xa1, 0xb6, 0xb2, 0xc4, 0xf9, 0x52, 0x3b, 0x45, 0xcb, 0x12, 0xe7, 0x87, 0x1d, 0x62, 0x2d,
  0x53, 0x92, 0x2f, 0x56, 0x50, 0x76, 0x68, 0x59, 0x9e, 0x54, 0x21, 0xd1, 0xb3, 0x14, 0xa9, 0x4a,
  0x04, 0x67, 0xcf, 0x50, 0xc7, 0x28, 0x11, 0x12, 0x1d, 0x49, 0x1f, 0x02, 0x87, 0x70, 0xac, 0x72,
  0x63, 0x55, 0x2e, 0x1c, 0xd2, 0x78, 0x4c, 0xc5, 0x99, 0x5a, 0xf8, 0xcc, 0x33, 0xd5, 0xa0, 0xea,
  0x51, 0x93, 0xce, 0x54, 0x83, 0x9a, 0xe7, 0x54, 0x3e, 0x73, 0x0b, 0xea, 0x16, 0x5d, 0xf9, 0xcc,
  0xd5, 0xa9, 0x47, 0x4c, 0xe8, 0xb1, 0x64, 0x67, 0x1e, 0x3d, 0x52, 0xd6, 0x52, 0x8c, 0x9b, 0xfb,
  0x8a, 0x71, 0x4b, 0x94, 0x1a, 0xc9, 0x65, 0xb6, 0x2d, 0x55, 0xaa, 0xa6, 0xd7, 0xe0, 0xb4, 0x54,
  0x2d, 0xdc, 0x59, 0x83, 0xc7, 0x52, 0x8d, 0x70, 0x65, 0x8f, 0x72, 0x4b, 0xb5, 0x42, 0x69, 0x7d,
  0xba, 0x2d, 0x45, 0x38, 0x45, 0x65, 0x23, 0xd7, 0x5e, 0xd5, 0x4e, 0x60, 0x8e, 0x05, 0xb0, 0xf4,
  0xa6, 0x02, 0x9a, 0x73, 0x46, 0x40, 0xd2, 0xa8, 0x02, 0xa0, 0xc6, 0xc6, 0x8c, 0x85, 0x93, 0xf4,
  0x54, 0xe0, 0x32, 0x34, 0x45, 0x1c, 0xdb, 0xa5, 0xc7, 0x30, 0x82, 0x22, 0x6d, 0x2e, 0x6c, 0x63,
  0xef, 0x84, 0x5e, 0xb9, 0xa8, 0x4d, 0xad, 0x23, 0x67, 0xd4, 0xca, 0xb2, 0xb4, 0x8d, 0x6e, 0x52,
  0x2b, 0xcb, 0x5a, 0x27, 0x5a, 0xb8, 0x6d, 0x30, 0x5b, 0xdd, 0x58, 0x66, 0xb1, 0xc2, 0x6d, 0x65,
  0x60, 0x59, 0xf8, 0x05, 0x04, 0xa4, 0x0c, 0x8b, 0x80, 0x9c, 0x61, 0x10, 0x90, 0x22, 0x34, 0xc0,
  0x03,
};
static const uint8_t VOC_BITS_BARGAIN[] = {   // "a bargain, for the brave."  (frames=80, bytes=347)
  0x50, 0xc6, 0x62, 0x3a, 0xd5, 0x73, 0xe6, 0x18, 0x93, 0xaf, 0x30, 0xcd, 0x99, 0x61, 0x8a, 0x36,
  0xdd, 0xc4, 0x17, 0x90, 0x99, 0x44, 0x53, 0xb5, 0x9a, 0x81, 0x16, 0x90, 0xdb, 0x4d, 0x23, 0x22,
  0x02, 0x40, 0x2a, 0x2f, 0x5d, 0x74, 0x99, 0x61, 0x5c, 0x67, 0x74, 0xb1, 0x56, 0xa8, 0xe9, 0xca,
  0xd6, 0xc6, 0x99, 0xee, 0x6e, 0xb9, 0x57, 0x9d, 0x56, 0x9a, 0xa5, 0x66, 0x6d, 0x75, 0x9e, 0x54,
  0x29, 0xd1, 0xb2, 0xd4, 0xa5, 0x90, 0xa5, 0xfa, 0x4a, 0xd3, 0xd6, 0x8c, 0x9c, 0xe9, 0x97, 0x44,
  0xdf, 0x0c, 0x8a, 0x67, 0xc6, 0x71, 0x43, 0xd7, 0x4c, 0x9e, 0x15, 0xa7, 0x8c, 0xd5, 0x30, 0xe5,
  0x64, 0xa9, 0x31, 0x55, 0x2d, 0x92, 0x55, 0xa3, 0xd6, 0x5c, 0x8d, 0x4a, 0x64, 0x8e, 0x46, 0x4b,
  0x51, 0xa6, 0x99, 0x3e, 0xa4, 0x2c, 0x49, 0x4b, 0x24, 0x7b, 0x78, 0x22, 0x7a, 0xa7, 0xc5, 0x1e,
  0xee, 0x85, 0xe8, 0x8d, 0x94, 0x46, 0x38, 0x43, 0x00, 0x28, 0x96, 0x08, 0xa0, 0x2e, 0x02, 0x00,
  0x00, 0x00, 0x00, 0x00, 0x00, 0x00, 0x00, 0x00, 0x08, 0x50, 0x43, 0x98, 0x6b, 0x8b, 0x77, 0xf7,
  0x50, 0x25, 0xae, 0x15, 0x27, 0xc2, 0xc1, 0x57, 0x85, 0x56, 0x6d, 0x4b, 0x87, 0x6a, 0x94, 0x5a,
  0x3f, 0x25, 0x9d, 0x6a, 0x65, 0xe9, 0x62, 0xe5, 0x0c, 0xce, 0x4e, 0xa3, 0xcf, 0x49, 0x2c, 0xd4,
  0x5b, 0x85, 0x21, 0xaa, 0x10, 0x6d, 0x9f, 0x89, 0xc6, 0x24, 0x55, 0xd5, 0xa2, 0x4a, 0x19, 0x8b,
  0x71, 0xd5, 0xb0, 0x45, 0x63, 0xca, 0xce, 0xcd, 0xdc, 0x57, 0x9a, 0x25, 0x38, 0x53, 0x57, 0xcf,
  0x81, 0x56, 0x50, 0xc2, 0xc3, 0xb2, 0x01, 0x5a, 0x93, 0x14, 0x91, 0x54, 0xd7, 0x66, 0xa8, 0x3e,
  0x33, 0x4a, 0x65, 0x85, 0x3e, 0x6c, 0xac, 0x10, 0xeb, 0x18, 0xfa, 0x78, 0x70, 0x4c, 0x7c, 0x65,
  0xe9, 0xf3, 0xa5, 0x32, 0xb1, 0x4e, 0xa3, 0x2f, 0x9d, 0xc2, 0x3c, 0x3a, 0xad, 0xa1, 0x16, 0x36,
  0xcb, 0xec, 0x38, 0x86, 0x9a, 0xd8, 0x2c, 0xbb, 0xe1, 0x98, 0x5a, 0x15, 0x95, 0xac, 0x59, 0x6b,
  0x6e, 0x41, 0xc4, 0xb2, 0x66, 0xae, 0xb5, 0x67, 0x63, 0x8d, 0x9c, 0xb5, 0xb6, 0x1e, 0x94, 0xac,
  0x72, 0x56, 0xdb, 0x7a, 0x14, 0xb4, 0xca, 0xcb, 0x65, 0x6b, 0x51, 0xc8, 0x33, 0x16, 0x9a, 0xad,
  0x46, 0x32, 0xf7, 0xa9, 0xe5, 0xb6, 0xa4, 0xd5, 0x2c, 0xad, 0x21, 0x01, 0xa2, 0x36, 0x45, 0x40,
  0xf3, 0x15, 0x04, 0x68, 0xb6, 0x02, 0x01, 0xc5, 0x87, 0x01, 0x3c,
};
static const uint8_t VOC_BITS_DOOM00[] = {   // "the weight behind you lifts. it has lost the thread."  (frames=154, bytes=616)
  0x10, 0x86, 0xaa, 0xcd, 0xcd, 0x3d, 0xce, 0x18, 0x92, 0x73, 0x33, 0xf3, 0x45, 0x65, 0x08, 0x31,
  0xd5, 0xc5, 0x3b, 0x86, 0x51, 0xf5, 0x12, 0xe3, 0xd8, 0x28, 0x46, 0xb6, 0x8b, 0x5c, 0x62, 0x12,
  0x19, 0xe8, 0x11, 0x37, 0x2b, 0xb1, 0xac, 0x13, 0x57, 0xc9, 0x23, 0x43, 0x97, 0x3a, 0xc4, 0x51,
  0xb6, 0x68, 0xb1, 0xca, 0xec, 0xc3, 0xcc, 0x7c, 0xd1, 0xc9, 0x5a, 0x10, 0x75, 0xcb, 0xd9, 0x2b,
  0xe9, 0x89, 0x38, 0x62, 0x26, 0x9f, 0x64, 0x64, 0x01, 0xcf, 0x9e, 0x9c, 0x92, 0x6e, 0x09, 0xb3,
  0x67, 0xb4, 0x48, 0xa3, 0xa0, 0x98, 0xaa, 0x30, 0x28, 0x03, 0xce, 0xa3, 0xdc, 0x6d, 0x01, 0xb8,
  0xa3, 0x25, 0x63, 0x51, 0x4d, 0x7c, 0xfa, 0x1e, 0x05, 0x2d, 0x72, 0x91, 0xe9, 0xbb, 0x67, 0xf0,
  0xa9, 0xc9, 0xad, 0xef, 0x8e, 0x30, 0xa7, 0xca, 0x84, 0xa1, 0x28, 0xb2, 0xae, 0x32, 0x5d, 0x86,
  0x62, 0xcd, 0xd4, 0xd3, 0xb4, 0xeb, 0x8b, 0xcb, 0x24, 0x0d, 0x33, 0xad, 0xcb, 0xbe, 0x93, 0x2c,
  0xc3, 0xb4, 0x36, 0xa5, 0x0e, 0xaa, 0xb6, 0xb2, 0xda, 0x94, 0xc6, 0xa4, 0x2b, 0xea, 0x6a, 0x73,
  0x98, 0xa4, 0xe8, 0xa8, 0xab, 0xcb, 0x61, 0x9c, 0xb3, 0xab, 0x9e, 0xbe, 0x84, 0x32, 0xc9, 0x8e,
  0x7a, 0x86, 0x6a, 0xcc, 0x3c, 0x27, 0xca, 0x18, 0xb3, 0x34, 0xed, 0x28, 0xa3, 0x61, 0xd2, 0xd6,
  0x2b, 0x28, 0xec, 0xbb, 0x29, 0x32, 0xb7, 0xf6, 0xb0, 0xe2, 0xe6, 0xc1, 0x94, 0xd5, 0x33, 0x56,
  0x98, 0x07, 0x11, 0xb6, 0xe9, 0x8a, 0x65, 0x1e, 0x52, 0x89, 0xa6, 0x17, 0x96, 0xb9, 0x79, 0x42,
  0xaf, 0x6e, 0x59, 0xe6, 0x62, 0x49, 0x22, 0x7c, 0x51, 0x9b, 0xa3, 0x0a, 0x73, 0xf7, 0x55, 0x61,
  0x8e, 0xaa, 0x9c, 0xcd, 0x1f, 0x86, 0x39, 0xf2, 0x0e, 0x21, 0x7b, 0x68, 0xa6, 0xc0, 0x27, 0x99,
  0xfd, 0x61, 0x19, 0x12, 0x9f, 0x40, 0x8b, 0xc9, 0x6b, 0x28, 0xb2, 0x9d, 0xbd, 0xa6, 0xac, 0xa1,
  0xca, 0x34, 0xc9, 0x18, 0x73, 0xa6, 0x6a, 0x5c, 0x2d, 0x73, 0x4c, 0x5b, 0x8a, 0x33, 0xf1, 0xac,
  0x99, 0x61, 0x89, 0x4e, 0x2c, 0x32, 0x2b, 0x20, 0x00, 0x94, 0x28, 0x00, 0x00, 0x00, 0x04, 0x5c,
  0xdb, 0xc5, 0x80, 0x6d, 0xa6, 0x08, 0xb0, 0xd5, 0x34, 0x03, 0x9e, 0xc9, 0x22, 0xc0, 0x33, 0x55,
  0x08, 0x38, 0xb2, 0x13, 0x00, 0x00, 0x00, 0x00, 0x00, 0x00, 0x00, 0x00, 0x00, 0x00, 0x00, 0x00,
  0x00, 0x00, 0x00, 0x00, 0x00, 0x00, 0x00, 0x4a, 0x3b, 0x32, 0xb3, 0x65, 0x57, 0x3a, 0xdd, 0x88,
  0xc2, 0x1a, 0x3d, 0x6b, 0x74, 0xdd, 0x18, 0x4a, 0xe7, 0x25, 0xd5, 0x15, 0xa9, 0x64, 0x19, 0x93,
  0x5b, 0x33, 0x5c, 0x89, 0x84, 0x47, 0x2e, 0x4d, 0xb5, 0x22, 0x1a, 0x1d, 0xba, 0x34, 0xd5, 0xb3,
  0x59, 0x95, 0xe5, 0xd3, 0xd6, 0x28, 0xe6, 0xd1, 0x51, 0x56, 0x57, 0x83, 0xa9, 0xdb, 0x46, 0x59,
  0x43, 0x09, 0xca, 0x6e, 0x5b, 0x06, 0x0d, 0x1d, 0x87, 0x70, 0x54, 0x2b, 0x03, 0x34, 0x68, 0x8a,
  0x80, 0x26, 0x9b, 0x15, 0x20, 0xbc, 0x97, 0xeb, 0xbd, 0x5e, 0x67, 0xce, 0x39, 0xa1, 0xf7, 0xfc,
  0x03, 0xa5, 0x67, 0xa4, 0x36, 0xc8, 0x2d, 0xa2, 0x9c, 0xdc, 0xca, 0x64, 0x76, 0x98, 0xf2, 0xd2,
  0xc8, 0x93, 0xd9, 0x16, 0xce, 0x99, 0x2b, 0xc9, 0x6e, 0x87, 0x25, 0x2e, 0xad, 0x28, 0x85, 0x29,
  0xb6, 0x9e, 0xd4, 0x82, 0x14, 0x26, 0x38, 0x6b, 0x74, 0x0a, 0xa2, 0x0e, 0x17, 0x6d, 0x31, 0x23,
  0x38, 0xba, 0x42, 0x45, 0x6c, 0x11, 0xe0, 0xa8, 0x4c, 0x02, 0x5c, 0xd5, 0x0d, 0x40, 0x00, 0xeb,
  0x5c, 0xcb, 0x94, 0x8d, 0xa9, 0x9b, 0xdf, 0x6a, 0x73, 0x36, 0xa6, 0xe6, 0x71, 0x5a, 0xcd, 0x49,
  0xb8, 0x7a, 0xc6, 0xa8, 0x30, 0x77, 0x17, 0xaa, 0x6a, 0x96, 0x04, 0x90, 0x75, 0x79, 0x68, 0xbb,
  0x71, 0x93, 0xa0, 0x86, 0xa1, 0x8d, 0x9d, 0xc2, 0x5c, 0x72, 0xa6, 0x36, 0x2e, 0x2c, 0x13, 0xed,
  0x54, 0xda, 0x34, 0xa8, 0x5c, 0xad, 0xe3, 0x68, 0x4b, 0xa7, 0x74, 0xf5, 0x8c, 0xab, 0xab, 0x8d,
  0x53, 0xdd, 0x5b, 0xad, 0xbe, 0x24, 0x71, 0x8f, 0x6e, 0x78, 0xc6, 0x9a, 0xd4, 0x34, 0xab, 0xe6,
  0x99, 0x6b, 0x52, 0xd3, 0xac, 0x59, 0x6b, 0xa9, 0x49, 0xcd, 0xa2, 0x67, 0xad, 0xa5, 0x66, 0x35,
  0xcd, 0x9e, 0xe4, 0x96, 0x12, 0xd4, 0x2c, 0x7b, 0x94, 0x5a, 0xa2, 0x70, 0xb1, 0x8e, 0x41, 0x04,
  0x08, 0xca, 0x8d, 0x01, 0xd9, 0x89, 0x00, 0x3c,
};
static const uint8_t VOC_BITS_DOOM01[] = {   // "whatever was following has turned away."  (frames=88, bytes=482)
  0x80, 0x6a, 0x7e, 0x14, 0xbd, 0x32, 0x92, 0x69, 0x54, 0x3e, 0x43, 0x8d, 0x95, 0xa5, 0x75, 0x65,
  0x5d, 0x38, 0x17, 0xb6, 0x2e, 0xc6, 0x0d, 0x95, 0x5c, 0xb1, 0xba, 0xec, 0x3a, 0xc4, 0x6d, 0xe6,
  0xea, 0x8a, 0x77, 0x37, 0x8b, 0x59, 0xae, 0xcb, 0x5a, 0xdc, 0x3d, 0x2a, 0xa5, 0xb6, 0x59, 0x53,
  0x71, 0x6f, 0x3c, 0xf2, 0xea, 0x55, 0xb5, 0x6a, 0xd6, 0xc9, 0x5b, 0x36, 0xd5, 0xc8, 0x59, 0x27,
  0xaf, 0x49, 0x2c, 0x22, 0x27, 0xb5, 0x22, 0x27, 0x71, 0x77, 0x9b, 0x85, 0x8a, 0x18, 0x29, 0x4c,
  0x64, 0x51, 0xc8, 0xb3, 0x73, 0x57, 0x53, 0x27, 0x25, 0x8b, 0x83, 0x22, 0x9c, 0x3b, 0x85, 0x2c,
  0x6d, 0x6c, 0xa7, 0xec, 0x98, 0x8a, 0xb4, 0xb0, 0x8d, 0xbd, 0x43, 0xa8, 0xfd, 0xe0, 0x70, 0x8a,
  0x0e, 0xac, 0x13, 0x53, 0xd3, 0xb0, 0x1b, 0x89, 0x81, 0x2d, 0x0d, 0xa1, 0xa9, 0xec, 0x06, 0xdb,
  0x52, 0xd4, 0xbc, 0xe5, 0x18, 0xa3, 0x4f, 0x75, 0xf3, 0x4e, 0x6b, 0x2a, 0x36, 0x24, 0xd4, 0x3a,
  0x95, 0x29, 0x69, 0x93, 0xf4, 0x9c, 0x84, 0xe6, 0x8e, 0x8d, 0x25, 0xa2, 0x93, 0x02, 0xb6, 0x48,
  0x73, 0xc0, 0xb5, 0x96, 0x08, 0x18, 0x2e, 0x83, 0x00, 0xdd, 0xa6, 0x43, 0xaa, 0xa3, 0xab, 0x34,
  0xd3, 0x39, 0xa3, 0x8e, 0x61, 0x4a, 0x34, 0x66, 0x8e, 0x26, 0x85, 0x69, 0xd6, 0x9a, 0xb5, 0x9a,
  0x14, 0xb6, 0x58, 0x6b, 0x72, 0x6b, 0x93, 0xbb, 0x66, 0xa9, 0xd3, 0xa5, 0x8d, 0xf6, 0x8a, 0xb8,
  0x2e, 0xa5, 0x2e, 0xca, 0x6d, 0xa2, 0x38, 0x55, 0xfa, 0xa8, 0xb7, 0x89, 0x6a, 0x52, 0xe9, 0xa3,
  0xda, 0x26, 0x89, 0x99, 0x65, 0xf0, 0xb1, 0x83, 0xc5, 0x1f, 0x86, 0x21, 0xfa, 0x76, 0x76, 0x5f,
  0xb8, 0x86, 0x6c, 0xcd, 0xdc, 0x73, 0xd6, 0x18, 0xaa, 0x12, 0x99, 0x96, 0xb0, 0x65, 0xcc, 0x9a,
  0x6a, 0xc0, 0x93, 0x87, 0xc9, 0x7b, 0x6d, 0xe6, 0x4a, 0x1a, 0xe6, 0xa0, 0xbc, 0x1c, 0xc3, 0x6d,
  0x9a, 0xab, 0x16, 0xb7, 0x08, 0x31, 0x65, 0xaa, 0x56, 0x4c, 0x33, 0x4d, 0xaf, 0xa9, 0x78, 0xf1,
  0xa8, 0x8e, 0xb2, 0xa6, 0x1a, 0xd4, 0xdc, 0x36, 0x4a, 0x9b, 0x8b, 0x57, 0x0e, 0xdf, 0x32, 0x06,
  0xa0, 0x3e, 0x5d, 0x00, 0x53, 0x8d, 0x20, 0xe0, 0xf8, 0x5e, 0x04, 0x5c, 0xdf, 0x05, 0x02, 0x98,
  0xc1, 0x33, 0x00, 0x7d, 0xb9, 0x23, 0x20, 0x04, 0xcc, 0x52, 0xa5, 0x8a, 0x59, 0xe6, 0x2d, 0x4a,
  0x95, 0x27, 0x59, 0x96, 0xe4, 0x68, 0x75, 0x9e, 0x18, 0xe5, 0xd6, 0xb1, 0x35, 0xb9, 0x63, 0x64,
  0x5a, 0xc7, 0xd1, 0x95, 0x46, 0xe6, 0x95, 0x9e, 0x4a, 0x1f, 0x9c, 0x84, 0x5b, 0x30, 0x53, 0x83,
  0x72, 0xde, 0xca, 0xe9, 0xcc, 0x0d, 0x42, 0x77, 0x84, 0xaa, 0x9d, 0x36, 0x16, 0xe5, 0xea, 0x56,
  0x95, 0xd7, 0x94, 0x75, 0x9a, 0x45, 0xcc, 0x6a, 0x73, 0xb4, 0xe5, 0x1a, 0xb6, 0xd2, 0xac, 0x26,
  0x97, 0x89, 0xda, 0x0a, 0xb3, 0xf2, 0xb6, 0x2c, 0xea, 0x2b, 0xc5, 0xcc, 0xaf, 0xb1, 0x69, 0x55,
  0x12, 0xa3, 0x1a, 0xcd, 0xe2, 0x31, 0xa3, 0xf4, 0x3e, 0xac, 0x89, 0x46, 0x8b, 0xd6, 0xc7, 0x30,
  0xc1, 0x1e, 0x0b, 0x47, 0x9f, 0x7d, 0x84, 0x5a, 0xd5, 0x5a, 0x63, 0x09, 0xee, 0x9a, 0x39, 0x6b,
  0xcc, 0x35, 0x9a, 0x69, 0xc5, 0xac, 0xb6, 0xd4, 0x2c, 0xea, 0x9d, 0x63, 0xc4, 0x5a, 0x1d, 0x7b,
  0x56, 0x15, 0x4e, 0x6b, 0x8f, 0x64, 0x91, 0x69, 0x04, 0x01, 0x51, 0xf3, 0x20, 0x20, 0x18, 0x19,
  0x80, 0x07,
};
static const uint8_t VOC_BITS_DOOM02[] = {   // "the air goes quiet. for now."  (frames=107, bytes=370)
  0xa0, 0xfa, 0x6a, 0x45, 0x2d, 0xc2, 0xca, 0xe8, 0xbb, 0x55, 0x92, 0x8c, 0xcb, 0xad, 0x1f, 0x46,
  0x91, 0x27, 0x67, 0xaf, 0x6e, 0x7a, 0x43, 0xea, 0xba, 0xdc, 0x9a, 0x91, 0x18, 0x6c, 0x7a, 0x12,
  0xaa, 0x7b, 0x40, 0xaa, 0xed, 0x51, 0xab, 0xea, 0x59, 0xd0, 0x3a, 0x67, 0x9d, 0xaa, 0x37, 0x21,
  0xcb, 0x58, 0xb9, 0x8a, 0x36, 0x88, 0x3d, 0x7d, 0xe1, 0xc8, 0xeb, 0x22, 0x4d, 0xce, 0x96, 0x2d,
  0x2f, 0x87, 0xc2, 0xd9, 0x56, 0xb6, 0xb2, 0x6c, 0xf2, 0x20, 0x5f, 0x69, 0xea, 0x52, 0xc1, 0x2a,
  0xe2, 0x26, 0x6a, 0x95, 0xc5, 0xb9, 0xb0, 0x00, 0xaa, 0x6d, 0xa5, 0xa5, 0xc5, 0x6c, 0x09, 0xa0,
  0x56, 0xe2, 0x52, 0xd5, 0x20, 0x14, 0x69, 0x2b, 0x57, 0x55, 0x82, 0x5a, 0xa8, 0xad, 0x1c, 0x4d,
  0xf2, 0x61, 0x21, 0xbe, 0x69, 0xb4, 0xc9, 0x85, 0xb9, 0xd8, 0xa6, 0xd1, 0x27, 0x1b, 0xea, 0xea,
  0xab, 0xd2, 0x90, 0x94, 0x4b, 0x84, 0xaf, 0x6c, 0x63, 0x21, 0xc9, 0x51, 0xd1, 0x91, 0x00, 0x15,
  0xb8, 0x38, 0x60, 0xba, 0x4f, 0x04, 0xb4, 0xf6, 0x04, 0x08, 0x88, 0xbb, 0x90, 0x00, 0x7e, 0x0e,
  0x22, 0x40, 0xd5, 0x92, 0xd0, 0x9a, 0xb2, 0xc1, 0x92, 0x2d, 0x5b, 0x1b, 0xc2, 0x16, 0x4b, 0xae,
  0x5c, 0x6d, 0x0a, 0xdb, 0xa2, 0x31, 0xeb, 0x74, 0x39, 0x76, 0xaa, 0xd5, 0xe4, 0xd5, 0x17, 0xef,
  0xee, 0xd1, 0x55, 0xce, 0x58, 0x03, 0x5b, 0xd4, 0x94, 0x5e, 0x63, 0x8b, 0x22, 0x1e, 0x3d, 0xba,
  0x8d, 0x35, 0x8a, 0x98, 0x4f, 0x25, 0x33, 0x94, 0xc0, 0x6a, 0x31, 0xa5, 0xcc, 0x50, 0x9c, 0xa9,
  0x57, 0x1e, 0x42, 0x7d, 0x52, 0x2e, 0xd6, 0x39, 0x09, 0x01, 0xdc, 0x64, 0x00, 0x00, 0x00, 0x00,
  0x00, 0x00, 0x00, 0x00, 0x00, 0x00, 0x00, 0x00, 0x00, 0x00, 0x00, 0x00, 0x00, 0x00, 0x00, 0x00,
  0x00, 0x00, 0x01, 0x4a, 0x8c, 0x24, 0x80, 0xcf, 0xe6, 0xae, 0x56, 0x33, 0x3d, 0xd0, 0x5a, 0x95,
  0xda, 0xd4, 0x8a, 0x24, 0xe9, 0x54, 0x6a, 0xdf, 0x22, 0x42, 0x65, 0x55, 0xab, 0x53, 0x93, 0x08,
  0x93, 0x95, 0xad, 0x2e, 0x1d, 0xd3, 0x3d, 0x5a, 0x96, 0x26, 0x47, 0x74, 0x2f, 0x57, 0x92, 0x1a,
  0x6f, 0xac, 0x9c, 0xdd, 0x5e, 0xaa, 0x93, 0x52, 0x4f, 0x71, 0x73, 0xab, 0xae, 0x46, 0xcd, 0x63,
  0xca, 0xac, 0xba, 0x5a, 0x75, 0xcb, 0x2e, 0xbd, 0xea, 0xea, 0x2c, 0x34, 0x27, 0xf2, 0xea, 0x8a,
  0xf3, 0xd4, 0xdc, 0x28, 0x63, 0xc8, 0x21, 0x43, 0x73, 0xaa, 0x94, 0x29, 0xfb, 0x4a, 0x89, 0x1e,
  0x13, 0xe6, 0xec, 0xa6, 0x38, 0x72, 0x2c, 0x9a, 0x8b, 0x9e, 0x26, 0xf3, 0x31, 0x08, 0x08, 0x35,
  0x08, 0x1e,
};
static const uint8_t VOC_BITS_DOOM10[] = {   // "something out there has your scent."  (frames=74, bytes=384)
  0x80, 0x80, 0xa3, 0xa7, 0x08, 0xf0, 0x6d, 0x16, 0x01, 0x8e, 0x9e, 0x51, 0xc0, 0x52, 0xed, 0xa5,
  0x2c, 0x32, 0x34, 0x2c, 0x6b, 0x9f, 0x32, 0xdb, 0x34, 0xb7, 0xae, 0xbc, 0x8a, 0x6c, 0x2b, 0x34,
  0x6a, 0xf2, 0x28, 0x92, 0x6f, 0xa7, 0xb0, 0xc5, 0x29, 0x0f, 0x36, 0x4d, 0x8c, 0x57, 0x93, 0x5c,
  0xab, 0x72, 0x0b, 0xaa, 0x23, 0x72, 0xef, 0x23, 0x4a, 0xc9, 0x0e, 0x02, 0xa4, 0x2d, 0x73, 0x75,
  0x8b, 0x61, 0x66, 0x19, 0x75, 0x64, 0xd9, 0x88, 0x45, 0x4d, 0xe9, 0x91, 0x55, 0xcd, 0xd2, 0xd9,
  0xa5, 0x46, 0x9e, 0xa4, 0xe4, 0xb1, 0x29, 0x73, 0x85, 0x89, 0x5e, 0x90, 0x99, 0x79, 0x54, 0x49,
  0x69, 0x17, 0xba, 0xfb, 0x50, 0x57, 0xc3, 0x51, 0x39, 0x66, 0x4e, 0x5b, 0x9d, 0x44, 0x56, 0x5b,
  0x39, 0x6d, 0xf5, 0x16, 0x16, 0x1d, 0xe5, 0xb4, 0xc5, 0x97, 0x9b, 0x77, 0xe5, 0xd5, 0x64, 0xdf,
  0xa1, 0xd6, 0x65, 0x5a, 0x13, 0x73, 0x99, 0xc6, 0x9a, 0x61, 0x8d, 0x0f, 0xa9, 0x12, 0x63, 0x86,
  0x34, 0x54, 0x85, 0x5a, 0x64, 0x6c, 0x40, 0x40, 0xd6, 0xe6, 0x6d, 0xa8, 0x8e, 0xd5, 0xb3, 0x27,
  0x9f, 0xb1, 0x45, 0x23, 0xcd, 0x6c, 0xb9, 0xc6, 0xda, 0x84, 0x2d, 0xbc, 0xe7, 0x98, 0xea, 0xc2,
  0x70, 0xf5, 0x8e, 0x65, 0x2e, 0x1b, 0x33, 0xd4, 0x36, 0x96, 0x39, 0x57, 0x2c, 0x8d, 0xa8, 0x25,
  0xe6, 0x5a, 0x48, 0x39, 0xb5, 0x54, 0x99, 0x6a, 0x60, 0xe1, 0xb2, 0xd0, 0x63, 0x2c, 0x4e, 0xdc,
  0x3b, 0x4d, 0xaf, 0xb1, 0x04, 0x09, 0xaf, 0xb6, 0x72, 0xc6, 0x1a, 0x4d, 0xdd, 0xa7, 0xca, 0x9a,
  0x8b, 0x37, 0x0e, 0xdf, 0xb2, 0x69, 0xc9, 0xc2, 0x39, 0xbd, 0x26, 0x19, 0xc0, 0xa3, 0x14, 0x05,
  0x7c, 0x91, 0x6a, 0x80, 0x45, 0x9d, 0xc2, 0xd8, 0xb5, 0x12, 0x75, 0xac, 0x6a, 0x63, 0x6b, 0x8c,
  0x12, 0xde, 0xb3, 0x8d, 0x25, 0xa3, 0xa5, 0xc7, 0xc6, 0x36, 0x95, 0x46, 0xda, 0x94, 0x1d, 0xda,
  0x54, 0x06, 0x7a, 0x72, 0x75, 0x4c, 0x53, 0x29, 0x68, 0x1e, 0xd6, 0xd1, 0x01, 0xd2, 0x6b, 0x38,
  0x60, 0x21, 0x56, 0x04, 0x3c, 0x13, 0xae, 0x80, 0xa7, 0x3b, 0x05, 0xb0, 0xf5, 0xa5, 0x01, 0xa6,
  0x2c, 0x6e, 0x75, 0xd6, 0x26, 0x19, 0x5d, 0x7a, 0xd5, 0xc5, 0x98, 0x96, 0x6f, 0xe8, 0xd3, 0x56,
  0x67, 0x1a, 0x3e, 0x65, 0x4e, 0x5b, 0x8d, 0x6b, 0x46, 0x8f, 0x3e, 0x6b, 0xb5, 0x66, 0xe1, 0x33,
  0xfa, 0xac, 0xd5, 0x99, 0xb9, 0xcf, 0x98, 0xb1, 0x55, 0x6f, 0x6e, 0x3e, 0x63, 0xd0, 0x96, 0x9d,
  0x7a, 0x44, 0x87, 0x0d, 0x5b, 0xb6, 0x12, 0xee, 0x6d, 0x0c, 0x6d, 0xc1, 0x58, 0x06, 0x6b, 0x38,
  0x04, 0xc8, 0xee, 0x4e, 0x80, 0x42, 0xcb, 0x19, 0x70, 0x85, 0x04, 0x02, 0xba, 0x1b, 0x05, 0x78,
};
static const uint8_t VOC_BITS_DOOM11[] = {   // "the wind changed. it knows which way you went."  (frames=148, bytes=601)
  0xa0, 0x86, 0x6a, 0xd4, 0xcc, 0xcd, 0xf6, 0x18, 0xb2, 0x09, 0x93, 0xd0, 0x45, 0x6d, 0x88, 0x3e,
  0xd5, 0xd4, 0x7a, 0x86, 0x41, 0xb7, 0x54, 0x15, 0xdf, 0xa1, 0x06, 0xbe, 0x92, 0x8d, 0xb3, 0x36,
  0x19, 0xe8, 0x51, 0x35, 0x2d, 0x2b, 0xae, 0x56, 0xad, 0xc4, 0x24, 0x27, 0xb6, 0x32, 0x86, 0x54,
  0xd3, 0x98, 0x7d, 0xf2, 0x62, 0xc4, 0x33, 0xb3, 0xf2, 0xca, 0x8a, 0x52, 0xed, 0xac, 0x30, 0x23,
  0xcb, 0x4a, 0xbc, 0x24, 0xcd, 0xbb, 0xd4, 0x1a, 0x1d, 0xd3, 0x54, 0xa7, 0x52, 0xe1, 0xbd, 0x8d,
  0xd3, 0x79, 0xc9, 0x3a, 0x57, 0x93, 0x74, 0xcb, 0x0a, 0xa8, 0x44, 0x4c, 0x01, 0xb7, 0x46, 0x05,
  0xe0, 0x8d, 0x9e, 0x04, 0xec, 0x34, 0xed, 0x80, 0xe9, 0x4a, 0x4a, 0x57, 0x14, 0x6b, 0x77, 0x04,
  0x5e, 0x5d, 0x51, 0x62, 0xd3, 0x19, 0xfa, 0xf4, 0xcd, 0xb1, 0x54, 0x75, 0xa9, 0x35, 0x36, 0xcb,
  0xda, 0x59, 0xa6, 0xcf, 0xd4, 0x8c, 0xc8, 0x54, 0x98, 0x59, 0x73, 0xb3, 0x6c, 0x53, 0x6e, 0x6e,
  0x2c, 0xcd, 0xb2, 0x6e, 0x99, 0xf9, 0xb4, 0x36, 0xcb, 0x32, 0xe5, 0xc6, 0xd3, 0x96, 0x94, 0xf8,
  0x89, 0x5b, 0x77, 0x5b, 0xb0, 0x16, 0x85, 0x1e, 0xdf, 0x6c, 0xda, 0x59, 0x3b, 0x65, 0x72, 0xb4,
  0x05, 0x1e, 0xe5, 0xc1, 0xce, 0xca, 0xb6, 0x04, 0x9a, 0x65, 0x4a, 0x34, 0xc0, 0xd6, 0x24, 0x06,
  0xb8, 0xbd, 0x9b, 0x01, 0x77, 0xf5, 0x20, 0xe0, 0x8d, 0x1a, 0x04, 0xdc, 0x92, 0x05, 0x00, 0x04,
  0x48, 0xd2, 0x85, 0x00, 0xc9, 0x89, 0x02, 0x00, 0x00, 0x00, 0x00, 0x00, 0x00, 0x00, 0x00, 0x00,
  0x00, 0x00, 0x00, 0x00, 0x00, 0x00, 0x00, 0x00, 0x00, 0x00, 0x02, 0xa2, 0x60, 0x5f, 0xdd, 0x88,
  0x8a, 0x5a, 0x35, 0xeb, 0x74, 0x23, 0x28, 0x69, 0xd6, 0xa5, 0xd1, 0x77, 0x65, 0x24, 0x15, 0x97,
  0xd8, 0x60, 0x85, 0xfa, 0x64, 0x0c, 0x42, 0x83, 0x57, 0xee, 0xe9, 0x6e, 0x46, 0x0d, 0xca, 0x7b,
  0xab, 0xa4, 0xb3, 0x30, 0x78, 0x63, 0xe5, 0x14, 0xce, 0x4b, 0x17, 0x95, 0x66, 0xb2, 0x47, 0x3f,
  0x55, 0x55, 0xa6, 0x96, 0x55, 0xf3, 0x94, 0xc5, 0xb9, 0x59, 0xc4, 0xcc, 0x51, 0xa4, 0x90, 0xae,
  0x96, 0x93, 0x47, 0x1e, 0x5d, 0xba, 0x69, 0x2e, 0x6c, 0x79, 0xf4, 0x69, 0xaa, 0xb1, 0x68, 0xe4,
  0x51, 0xa5, 0xb9, 0xfb, 0xa6, 0x90, 0x27, 0x11, 0x92, 0x19, 0x2b, 0x46, 0x31, 0x48, 0x31, 0x5a,
  0x67, 0x56, 0xc0, 0x01, 0x6a, 0x01, 0x38, 0x36, 0x1b, 0x01, 0xc5, 0x99, 0xb0, 0x86, 0xc7, 0x70,
  0x73, 0x6d, 0x64, 0x6a, 0xd5, 0x4d, 0x55, 0x63, 0x56, 0xa9, 0x42, 0x76, 0x31, 0x8f, 0x46, 0xab,
  0x2a, 0x41, 0x34, 0x24, 0x5a, 0x95, 0xaa, 0x46, 0xe2, 0x88, 0x5a, 0x44, 0xaa, 0xa4, 0x89, 0x7c,
  0xba, 0xa2, 0x2b, 0x6e, 0xaf, 0x36, 0x55, 0x4b, 0x02, 0xb8, 0xb3, 0x26, 0x00, 0xbd, 0xcd, 0x20,
  0xa0, 0xf4, 0x74, 0x51, 0x27, 0xe7, 0xa6, 0xca, 0x4e, 0x54, 0xc7, 0xa6, 0x99, 0x72, 0x56, 0x4e,
  0x9d, 0xae, 0x2d, 0xaa, 0xbe, 0xb0, 0x75, 0x31, 0xa6, 0xaa, 0xc5, 0xc2, 0xd3, 0x17, 0xa7, 0xe6,
  0x1e, 0x8b, 0x4f, 0xdf, 0x82, 0x70, 0x7a, 0xcf, 0x3a, 0x7d, 0x0f, 0x42, 0x91, 0x3d, 0xf9, 0x0c,
  0x23, 0x19, 0x78, 0xd5, 0xe4, 0x31, 0x74, 0x8f, 0x92, 0xbd, 0xa1, 0xcb, 0xd4, 0xa5, 0xa0, 0xf7,
  0x8c, 0x2e, 0xd3, 0xa0, 0x42, 0xba, 0x3d, 0x2a, 0x4c, 0x5d, 0x32, 0x49, 0x6f, 0xad, 0x31, 0xf5,
  0x28, 0x20, 0x9d, 0xab, 0xda, 0x54, 0x03, 0x49, 0x68, 0x34, 0x4e, 0x53, 0x30, 0x29, 0x4d, 0xde,
  0xd2, 0xcc, 0xbc, 0xa5, 0x3a, 0xc7, 0x0a, 0x34, 0x93, 0x6d, 0x6a, 0xd2, 0x95, 0xd4, 0xc8, 0x67,
  0xb2, 0x5a, 0xcc, 0x4c, 0x83, 0xcd, 0x63, 0xc6, 0xbe, 0xb2, 0xf5, 0x31, 0xb6, 0xb3, 0xfa, 0xad,
  0xd1, 0xa7, 0x98, 0x2e, 0x9a, 0x8d, 0xce, 0x50, 0x5c, 0xb8, 0xa4, 0xcf, 0x3e, 0x43, 0xf5, 0xae,
  0x9a, 0x3e, 0xe9, 0x4c, 0xd5, 0x99, 0x7a, 0xe5, 0xa4, 0x33, 0x57, 0x6f, 0xe6, 0xde, 0x95, 0xdb,
  0x52, 0x9c, 0xa4, 0xe5, 0x86, 0x09, 0x4b, 0x36, 0x66, 0xe9, 0x55, 0x4c, 0x2d, 0xc1, 0x68, 0xb9,
  0xa6, 0x39, 0xb4, 0x44, 0x67, 0x15, 0x62, 0x56, 0x11, 0x60, 0x42, 0x99, 0x02, 0x06, 0xf6, 0x20,
  0xc0, 0xb1, 0x1e, 0x04, 0xa8, 0x26, 0x04, 0xe0, 0x01,
};
static const uint8_t VOC_BITS_DOOM12[] = {   // "you left too much of yourself on that ground."  (frames=103, bytes=542)
  0xa0, 0xba, 0x01, 0xc9, 0xba, 0xb6, 0x64, 0xeb, 0x07, 0x61, 0xd1, 0xba, 0x1a, 0xad, 0xef, 0x46,
  0x89, 0xa6, 0x3a, 0x8d, 0xbe, 0x18, 0xe1, 0xb4, 0xe8, 0xd8, 0x86, 0x24, 0xd3, 0xcc, 0x7c, 0x63,
  0x18, 0xa2, 0xa8, 0x10, 0xf1, 0x47, 0xae, 0xf7, 0x7c, 0x52, 0x28, 0x1e, 0xa9, 0x36, 0xb0, 0x0b,
  0xd4, 0xbc, 0xd4, 0xaa, 0xe8, 0x46, 0xd9, 0x26, 0xca, 0x2a, 0xb2, 0x6d, 0x57, 0xdb, 0x32, 0x2b,
  0xcf, 0x31, 0x4c, 0x6b, 0xcb, 0x94, 0x2c, 0xfb, 0x70, 0x8d, 0x2e, 0x42, 0x52, 0xaf, 0x55, 0xd5,
  0x32, 0x32, 0x01, 0x92, 0x50, 0x05, 0x00, 0x70, 0xc0, 0xe4, 0x29, 0x0e, 0x98, 0x7e, 0x25, 0x95,
  0xcd, 0x09, 0x4a, 0xc5, 0xc2, 0x55, 0x56, 0x6d, 0x18, 0x99, 0x0b, 0x5b, 0x15, 0x95, 0x59, 0x85,
  0x2f, 0x0c, 0x8d, 0x73, 0x56, 0x4e, 0x31, 0x25, 0xb5, 0xc1, 0x68, 0x26, 0x58, 0xd3, 0xd2, 0x26,
  0x6d, 0x11, 0x44, 0x49, 0x5a, 0x9b, 0x54, 0x86, 0x29, 0xb6, 0x1a, 0x75, 0x72, 0x9d, 0xac, 0x3e,
  0x6b, 0xd5, 0xd9, 0x76, 0xb2, 0xc5, 0xe4, 0x55, 0x67, 0x5b, 0x2e, 0x51, 0xa3, 0x5b, 0x1d, 0x9d,
  0xb9, 0x57, 0x9b, 0x26, 0x75, 0x83, 0xa4, 0x6a, 0x55, 0x5b, 0x01, 0xb7, 0x44, 0x06, 0xe0, 0x94,
  0xda, 0x04, 0x04, 0x6e, 0x3e, 0x86, 0xe2, 0x4c, 0xb4, 0x62, 0xe1, 0x1a, 0xb3, 0x35, 0x73, 0xf3,
  0x95, 0x64, 0x8e, 0x4e, 0xcd, 0xc4, 0x7a, 0x9a, 0xd9, 0x28, 0xf1, 0x08, 0x4f, 0x62, 0xa6, 0x16,
  0x94, 0x58, 0x2c, 0x75, 0x19, 0x6b, 0x40, 0xf2, 0xaa, 0x96, 0x65, 0x6c, 0x81, 0x51, 0xab, 0x3a,
  0xb6, 0xa9, 0x55, 0x06, 0xcb, 0xec, 0xd9, 0xa6, 0xb6, 0x49, 0x4c, 0xbd, 0xe7, 0x98, 0xeb, 0x20,
  0x49, 0xf1, 0x9e, 0x65, 0x29, 0x0d, 0x35, 0xcc, 0x3b, 0xb4, 0xa5, 0x64, 0x92, 0x88, 0xe8, 0xd4,
  0xd6, 0xce, 0xcc, 0x30, 0x3b, 0x8d, 0x01, 0x1a, 0x60, 0x63, 0xc0, 0x53, 0x65, 0x0a, 0xb8, 0x3a,
  0xc2, 0x00, 0x47, 0x77, 0x95, 0xbe, 0x9b, 0x66, 0x76, 0x9b, 0x75, 0xfa, 0x62, 0x5c, 0xdd, 0x6b,
  0xf2, 0x1a, 0x8a, 0x77, 0x57, 0x9b, 0x2a, 0x67, 0xcc, 0xbe, 0xdd, 0xb4, 0x27, 0x8f, 0x29, 0x85,
  0x4d, 0x91, 0x99, 0xd4, 0xe6, 0x18, 0x2f, 0x48, 0x67, 0x66, 0x9a, 0xa3, 0x99, 0x66, 0xec, 0x49,
  0x66, 0xce, 0x2c, 0x9c, 0x55, 0xad, 0x12, 0x20, 0x2a, 0x37, 0x04, 0x64, 0xe3, 0xe6, 0xa6, 0x64,
  0xd2, 0x35, 0xac, 0xce, 0x98, 0x92, 0x9d, 0x12, 0x8d, 0xcb, 0x63, 0x4a, 0x7e, 0x8a, 0x75, 0x6a,
  0xad, 0x39, 0xdb, 0x2d, 0xf2, 0x19, 0x33, 0xe6, 0xe4, 0xd6, 0xb8, 0xaa, 0xea, 0x98, 0x93, 0x6b,
  0x13, 0xab, 0xaa, 0x65, 0x4e, 0xd2, 0xdd, 0x38, 0xea, 0x96, 0x29, 0x4a, 0xf7, 0x50, 0x9f, 0xb2,
  0xa6, 0x2a, 0x43, 0x23, 0x72, 0xf4, 0x99, 0xaa, 0x77, 0x31, 0x9f, 0xd1, 0x67, 0xaa, 0xd1, 0xd5,
  0xa2, 0x27, 0x9f, 0xb9, 0xb9, 0x50, 0xf5, 0x9a, 0xdc, 0x96, 0xea, 0x54, 0x3d, 0xb6, 0x32, 0x5a,
  0xa2, 0x62, 0xcd, 0x5e, 0xd3, 0x08, 0x68, 0x26, 0x14, 0xc0, 0x0d, 0x79, 0x55, 0x54, 0x99, 0x2d,
  0x37, 0xc4, 0x2a, 0xa6, 0xa6, 0xa9, 0xd2, 0x10, 0x1a, 0x65, 0x60, 0x76, 0x2c, 0x43, 0x6a, 0x94,
  0xa9, 0xde, 0x71, 0x8d, 0xa5, 0x73, 0x84, 0x7a, 0xcf, 0x35, 0x96, 0x2c, 0x69, 0x11, 0x2b, 0xcf,
  0x54, 0xa2, 0x85, 0x66, 0xcd, 0x3a, 0x53, 0x89, 0x1e, 0x12, 0x5d, 0x65, 0x2d, 0x39, 0xa4, 0xab,
  0x4f, 0x95, 0xb5, 0x64, 0xdf, 0xc1, 0x51, 0x55, 0xc7, 0x9a, 0xf2, 0x38, 0x47, 0x57, 0x75, 0x5b,
  0x0a, 0xe3, 0x54, 0x55, 0x75, 0xec, 0xc9, 0x95, 0x73, 0xe4, 0x14, 0xb3, 0x47, 0xad, 0x69, 0x52,
  0x51, 0xcd, 0xee, 0x8d, 0x8e, 0x58, 0x3a, 0x63, 0xbb, 0xb1, 0x36, 0xca, 0x69, 0xdf, 0xed, 0x8d,
  0x84, 0x7a, 0xba, 0x65, 0x01, 0x14, 0x52, 0x86, 0x80, 0xac, 0xdc, 0x00, 0xe0, 0x01,
};
static const uint8_t VOC_BITS_DOOM20[] = {   // "everything you gather, it unmakes."  (frames=97, bytes=451)
  0xd0, 0xaa, 0xe6, 0x45, 0xb3, 0xba, 0xd2, 0xa9, 0x9a, 0x57, 0x89, 0xaa, 0x4a, 0xa7, 0xaa, 0x41,
  0x34, 0x3b, 0x47, 0xad, 0xaa, 0x64, 0x8e, 0x70, 0x9f, 0x95, 0xaa, 0x54, 0x29, 0x5d, 0x75, 0x15,
  0xaa, 0xac, 0x32, 0xd3, 0x50, 0xa7, 0x29, 0x8f, 0x55, 0xcd, 0x5d, 0x92, 0x96, 0x34, 0x4d, 0xcc,
  0xa4, 0x6c, 0xd9, 0xd2, 0xd2, 0x31, 0x4c, 0x63, 0xd1, 0x48, 0x6b, 0x41, 0xa9, 0xc8, 0x99, 0x25,
  0xaf, 0x8e, 0xa8, 0xb3, 0x4b, 0x99, 0x22, 0x2a, 0xd2, 0xad, 0x36, 0x4c, 0x8a, 0x2e, 0x8c, 0x45,
  0x3d, 0xb6, 0xc9, 0x5b, 0x74, 0x52, 0xab, 0x30, 0x2b, 0x2b, 0x86, 0x2d, 0x73, 0x43, 0x8f, 0xac,
  0x6a, 0x96, 0xce, 0x09, 0x3d, 0xf2, 0xaa, 0x49, 0xdf, 0x4d, 0x7a, 0x29, 0xb4, 0xf7, 0x52, 0x1a,
  0x2f, 0xa2, 0x34, 0xde, 0xc3, 0x31, 0xea, 0x8d, 0x3a, 0xd1, 0xf0, 0x76, 0x72, 0xd7, 0x9a, 0x8e,
  0x39, 0xba, 0x9c, 0xdc, 0xe8, 0x86, 0x22, 0xd6, 0x9a, 0x52, 0xab, 0xef, 0x5e, 0x88, 0x3b, 0x37,
  0xb6, 0xa1, 0x06, 0x22, 0xcf, 0x58, 0xe8, 0xa6, 0xa4, 0x58, 0xba, 0x7c, 0x05, 0x9b, 0x98, 0x8c,
  0xb8, 0xa1, 0x08, 0x61, 0x1a, 0x8e, 0x85, 0xd5, 0xed, 0x38, 0x20, 0x32, 0xc9, 0xd5, 0x35, 0x23,
  0xe4, 0x5d, 0x95, 0x4e, 0xd7, 0x82, 0x8a, 0x57, 0x95, 0x3e, 0x7d, 0x0d, 0x6a, 0x91, 0x1d, 0xe5,
  0xf4, 0x35, 0x99, 0x79, 0x4e, 0xe5, 0x33, 0xd4, 0xe4, 0x6e, 0x3e, 0x55, 0xd6, 0x98, 0x83, 0xbb,
  0xf9, 0x94, 0x49, 0x73, 0xf2, 0x2e, 0x66, 0x55, 0x26, 0xcc, 0x49, 0xa9, 0x99, 0x55, 0x95, 0x31,
  0x17, 0xed, 0xe6, 0x16, 0xb3, 0xd6, 0x52, 0xbc, 0xa9, 0xa5, 0x77, 0x1c, 0x6b, 0x69, 0x64, 0x1e,
  0x9e, 0xab, 0xac, 0x65, 0x61, 0x84, 0x64, 0xc7, 0xb0, 0x96, 0x09, 0xa5, 0xee, 0x0b, 0xc8, 0x5a,
  0x3a, 0x94, 0xa5, 0xcf, 0x30, 0x6b, 0xc9, 0x90, 0xea, 0x56, 0x01, 0x4d, 0xb5, 0x83, 0x8b, 0x7a,
  0x05, 0x00, 0x00, 0x00, 0x00, 0x00, 0x00, 0x00, 0x00, 0x00, 0xd6, 0x37, 0x43, 0x5c, 0x5d, 0x81,
  0x4f, 0x3f, 0x82, 0xa1, 0x76, 0x4d, 0x5a, 0x7d, 0xb7, 0x8a, 0xd6, 0x35, 0x09, 0xf5, 0x45, 0x0a,
  0x47, 0xd6, 0xe4, 0xd6, 0x37, 0x6b, 0xaa, 0x9e, 0xb3, 0x51, 0x57, 0x9c, 0x69, 0xe4, 0x54, 0x4a,
  0x5d, 0x51, 0x15, 0x1a, 0x51, 0x79, 0xf5, 0xd9, 0x67, 0x72, 0x4c, 0x94, 0x31, 0xa4, 0x50, 0x2e,
  0x39, 0x51, 0xd6, 0x90, 0x6d, 0x99, 0xc4, 0x94, 0x69, 0x63, 0x94, 0x9a, 0xaa, 0x6d, 0x2d, 0x4d,
  0x51, 0x69, 0x89, 0xa4, 0xb2, 0x32, 0x45, 0x23, 0x61, 0xae, 0x5e, 0xca, 0x14, 0x8d, 0x78, 0x9a,
  0xb4, 0x5a, 0x63, 0x71, 0x6a, 0x56, 0x3e, 0xf3, 0x8c, 0xd5, 0x89, 0x79, 0x4c, 0xe9, 0x33, 0x36,
  0x27, 0x1a, 0xd9, 0xa3, 0xce, 0xdc, 0xbd, 0xb1, 0x47, 0x8d, 0x3e, 0x6b, 0x77, 0x4a, 0x9e, 0x35,
  0x6a, 0x6c, 0x3d, 0x31, 0x65, 0xf6, 0xa8, 0xb0, 0xf5, 0x4a, 0x1c, 0x5d, 0xa5, 0x05, 0x90, 0x0d,
  0x14, 0x02, 0x82, 0xc6, 0x02, 0x04, 0xe4, 0x4c, 0x21, 0x80, 0x1e, 0xbf, 0x10, 0x30, 0xed, 0xb7,
  0x00, 0xb6, 0xde, 0x62, 0xc0, 0xb3, 0xdd, 0x0c, 0xb8, 0x6a, 0x9b, 0x00, 0xc7, 0x74, 0x21, 0xa0,
  0xfb, 0x4b, 0x78,
};
static const uint8_t VOC_BITS_DOOM21[] = {   // "it is eating the ground behind you."  (frames=78, bytes=458)
  0xd0, 0xda, 0x11, 0x15, 0xad, 0x6a, 0xd2, 0x69, 0x87, 0x33, 0x94, 0xce, 0x49, 0xa3, 0x1b, 0xda,
  0x89, 0x2b, 0x6e, 0x86, 0x2e, 0x2b, 0xe6, 0xf0, 0x1a, 0x15, 0xba, 0xe6, 0x85, 0xcd, 0x6b, 0xd6,
  0xea, 0x9a, 0x13, 0x72, 0xed, 0x99, 0xab, 0x6b, 0xd6, 0xc8, 0xad, 0x2e, 0xb7, 0x21, 0x1b, 0x91,
  0xb4, 0x19, 0x83, 0x86, 0x4e, 0x5d, 0x28, 0xbd, 0x63, 0x1b, 0x8e, 0x70, 0x45, 0x34, 0xb7, 0x06,
  0x98, 0x3c, 0xb4, 0xf4, 0x43, 0x25, 0xb3, 0x5a, 0xa7, 0xd6, 0x75, 0xc3, 0x50, 0x55, 0x93, 0x5a,
  0x37, 0x02, 0x83, 0x4d, 0x4d, 0x6a, 0xed, 0x08, 0x04, 0xbe, 0x3d, 0x6a, 0xd4, 0x23, 0x22, 0xc5,
  0x76, 0xe9, 0x52, 0x37, 0x45, 0xe4, 0xd3, 0xa3, 0x4d, 0x9d, 0x25, 0x73, 0x56, 0x85, 0x1e, 0x75,
  0x37, 0x82, 0x5e, 0x3d, 0x79, 0x55, 0xc3, 0x0a, 0x46, 0xf7, 0xe0, 0x51, 0x75, 0x8b, 0x72, 0x19,
  0xe2, 0x4b, 0x1d, 0xb5, 0x2c, 0x71, 0x79, 0x0e, 0x4d, 0xb0, 0x3a, 0x60, 0xe9, 0x3b, 0x75, 0xde,
  0xc8, 0x08, 0x65, 0x32, 0x37, 0x44, 0xc3, 0x1e, 0x9e, 0xa5, 0xd7, 0x58, 0x9c, 0x4a, 0x64, 0xce,
  0x1c, 0x4b, 0x4d, 0xcc, 0x61, 0xb5, 0xd0, 0xad, 0x35, 0x83, 0x86, 0xd7, 0x4c, 0xb5, 0x21, 0x1b,
  0x5e, 0xe9, 0x89, 0x09, 0x10, 0xbb, 0xa8, 0x02, 0xe2, 0xc4, 0x30, 0x83, 0x6f, 0x94, 0x2a, 0xbe,
  0x38, 0x0d, 0xb1, 0x53, 0xb9, 0xda, 0xca, 0x31, 0x94, 0x4e, 0xe9, 0x66, 0x1d, 0x56, 0x5f, 0xb2,
  0x84, 0x7b, 0xb4, 0x3a, 0x7d, 0x89, 0xee, 0x9a, 0x39, 0xf9, 0xf4, 0xc5, 0x97, 0x6b, 0xe4, 0x98,
  0xd5, 0xe7, 0x50, 0x2e, 0xd9, 0x55, 0x57, 0x9f, 0xdd, 0x38, 0x67, 0x95, 0x1d, 0x43, 0x72, 0xe3,
  0x94, 0x5d, 0x75, 0x8c, 0x49, 0x65, 0xb0, 0x75, 0xed, 0x30, 0x79, 0xe5, 0xe5, 0x1c, 0x71, 0xc3,
  0x6c, 0xb4, 0x67, 0xb8, 0x59, 0x55, 0x4b, 0x54, 0x6a, 0x1e, 0x91, 0x08, 0x2d, 0xc8, 0x54, 0xb6,
  0x5b, 0x6c, 0xb1, 0x14, 0xad, 0xcc, 0x6e, 0xa9, 0x15, 0x10, 0x0c, 0xfb, 0x9a, 0x7a, 0x62, 0xb2,
  0xcc, 0xd9, 0x65, 0xea, 0x91, 0xc0, 0xa7, 0x46, 0x97, 0xa9, 0x69, 0xa2, 0x9a, 0x2a, 0x9c, 0xa6,
  0x62, 0xc8, 0xa2, 0xda, 0x74, 0x99, 0x8a, 0x73, 0x53, 0x0f, 0xd3, 0x65, 0x28, 0xb6, 0x92, 0xc5,
  0xc3, 0xb4, 0x21, 0xa5, 0x76, 0x8e, 0x32, 0x33, 0xfa, 0x94, 0xdb, 0xb9, 0xdb, 0xea, 0xea, 0xb3,
  0x9b, 0x64, 0x9f, 0xb2, 0xab, 0xcf, 0x7e, 0x92, 0xb2, 0xab, 0xae, 0x3e, 0xfb, 0x71, 0xae, 0xaa,
  0x7a, 0x86, 0xe2, 0x4a, 0xad, 0xba, 0xea, 0x19, 0xab, 0x31, 0x8d, 0x9c, 0x30, 0x6d, 0x4a, 0xd2,
  0xac, 0x3d, 0x8c, 0x89, 0x59, 0x78, 0x2f, 0xc7, 0x88, 0x9f, 0xe6, 0xca, 0x4c, 0x3c, 0xc2, 0x32,
  0x5a, 0x3a, 0x11, 0xf6, 0xe8, 0xc8, 0x65, 0x1d, 0x54, 0x58, 0xa7, 0x27, 0x95, 0xb5, 0x4b, 0x41,
  0xad, 0x5a, 0x34, 0xd6, 0x6e, 0x15, 0xa5, 0x6a, 0x65, 0x58, 0x9b, 0x17, 0xd4, 0xaa, 0x95, 0x6b,
  0x6d, 0x85, 0xc9, 0xac, 0x57, 0xa0, 0xad, 0x26, 0x16, 0xf7, 0x5a, 0x39, 0xb6, 0xe2, 0x45, 0xd2,
  0xaa, 0x43, 0xda, 0x92, 0x17, 0xf7, 0x8c, 0x99, 0x6c, 0x4b, 0x41, 0x43, 0xcd, 0x27, 0xa9, 0x2d,
  0x87, 0x70, 0x35, 0x1a, 0x83, 0x00, 0x53, 0xd8, 0xe1, 0x01,
};
static const uint8_t VOC_BITS_DOOM22[] = {   // "your work rots as fast as you can do it."  (frames=100, bytes=521)
  0x08, 0xc0, 0xaa, 0x5b, 0xb5, 0x95, 0x09, 0x7b, 0x6f, 0xcc, 0xd2, 0xd5, 0x40, 0x68, 0xd5, 0x19,
  0x52, 0x57, 0x33, 0x51, 0x78, 0xe4, 0x68, 0x5d, 0x4e, 0xcc, 0xc3, 0xd9, 0xb3, 0xf4, 0xa9, 0x52,
  0x26, 0x66, 0xcb, 0x34, 0x84, 0x2e, 0x19, 0xac, 0x1b, 0xdc, 0xa8, 0x87, 0xa6, 0x91, 0xad, 0x44,
  0x23, 0xdb, 0x12, 0x4a, 0x5d, 0x8b, 0x0d, 0xec, 0x4a, 0x0a, 0x65, 0x2d, 0xd1, 0x89, 0xc7, 0x21,
  0x38, 0xb1, 0x42, 0xab, 0xb7, 0xd9, 0x40, 0x35, 0x0a, 0x4d, 0x58, 0xe4, 0x03, 0x5d, 0x33, 0xd5,
  0x71, 0x51, 0x0c, 0x45, 0xe7, 0x52, 0xa5, 0x43, 0x3e, 0x6c, 0xbd, 0x5c, 0x95, 0x17, 0x64, 0x48,
  0x2c, 0x44, 0x55, 0xca, 0xa0, 0x2d, 0xb9, 0x00, 0x01, 0x20, 0x88, 0x22, 0x20, 0x7d, 0x49, 0x04,
  0xa4, 0xab, 0xa1, 0xf2, 0x90, 0x25, 0x5c, 0x25, 0xb1, 0x69, 0xcd, 0xc2, 0x36, 0xf6, 0x96, 0xa1,
  0x0d, 0x0b, 0x2b, 0xc9, 0x5b, 0x96, 0x36, 0x0e, 0xc9, 0x50, 0xed, 0xb4, 0xda, 0x94, 0xa3, 0x4c,
  0x6d, 0xd5, 0x68, 0x53, 0xea, 0x12, 0xcb, 0x59, 0xab, 0x49, 0xb9, 0x53, 0xbc, 0xa7, 0xb4, 0x26,
  0xa5, 0x70, 0xad, 0x09, 0x63, 0xea, 0xe0, 0xc4, 0xad, 0x92, 0x22, 0xaa, 0x02, 0x51, 0xf5, 0xcc,
  0xd8, 0x40, 0x80, 0xad, 0x3b, 0x05, 0x30, 0x59, 0x28, 0x02, 0x94, 0x8d, 0x50, 0x75, 0x76, 0x12,
  0x51, 0x63, 0x7a, 0xb4, 0xc5, 0xa9, 0x65, 0x76, 0xe8, 0x31, 0x54, 0xaf, 0x1a, 0xbe, 0xa5, 0xdb,
  0x90, 0x8d, 0x4a, 0xfa, 0x0c, 0x09, 0x43, 0x61, 0xc1, 0x91, 0x39, 0xd3, 0x00, 0x15, 0x18, 0x1b,
  0xe0, 0xa9, 0x0c, 0x03, 0x2c, 0x9b, 0x89, 0x80, 0xe1, 0xba, 0x80, 0x00, 0x45, 0xbb, 0x85, 0x26,
  0x7b, 0x67, 0xeb, 0x98, 0xbc, 0x9a, 0x1c, 0x4c, 0xa3, 0xaa, 0xcc, 0x69, 0x4b, 0x54, 0xf7, 0x9c,
  0x28, 0xa7, 0xab, 0xd1, 0x2d, 0x7c, 0xab, 0x9c, 0xae, 0x16, 0x73, 0x8b, 0x8d, 0x72, 0xfa, 0x52,
  0x34, 0x74, 0xc6, 0x4e, 0xe8, 0x73, 0xd0, 0xb4, 0x1a, 0xd8, 0xa5, 0xcf, 0x4a, 0xc5, 0xbc, 0x4c,
  0xb9, 0x7e, 0x99, 0x2b, 0x15, 0xb7, 0x48, 0x80, 0xeb, 0xb2, 0x11, 0xf0, 0x42, 0x15, 0x98, 0xa4,
  0xc9, 0xe0, 0x88, 0xa8, 0x19, 0x92, 0xe4, 0x24, 0xab, 0xc7, 0x4c, 0x19, 0x6b, 0x50, 0xcd, 0x98,
  0xca, 0x6b, 0xac, 0xce, 0x24, 0x7d, 0x4b, 0x8f, 0xb1, 0x18, 0x95, 0xb4, 0x29, 0x12, 0xc6, 0x6c,
  0x8c, 0xc2, 0x7b, 0x74, 0x99, 0x17, 0x72, 0x06, 0xeb, 0x56, 0x0a, 0x98, 0x3c, 0xc4, 0x00, 0x4b,
  0x04, 0xb9, 0x69, 0x08, 0x25, 0xe9, 0x9c, 0x35, 0xa6, 0xee, 0x05, 0xb9, 0x6a, 0x65, 0x9b, 0x5a,
  0x22, 0x32, 0xaf, 0x55, 0x66, 0x2a, 0x46, 0x30, 0x3c, 0x36, 0xb2, 0xd9, 0xf1, 0xc0, 0xce, 0xdc,
  0x80, 0x80, 0x92, 0x59, 0x1d, 0xd0, 0x0a, 0x6b, 0x18, 0xaa, 0x26, 0x89, 0xaa, 0x50, 0x6b, 0xa8,
  0x56, 0x34, 0xb3, 0x4a, 0x9f, 0xb1, 0x6a, 0x97, 0xcc, 0x1c, 0x93, 0xe6, 0xa4, 0xd5, 0x53, 0xcb,
  0x5c, 0x58, 0xbc, 0xb1, 0x36, 0x4a, 0x65, 0x6c, 0x63, 0x31, 0xd2, 0xc9, 0xe3, 0xa7, 0xad, 0x53,
  0x55, 0x09, 0xb3, 0xe2, 0x80, 0x82, 0xdc, 0x5a, 0xd7, 0xad, 0xa1, 0x44, 0x6c, 0x1a, 0x5d, 0x33,
  0x8a, 0x96, 0xde, 0xab, 0xf4, 0x59, 0x9a, 0x44, 0xc8, 0xae, 0xd2, 0x5b, 0x5f, 0x62, 0xe6, 0x2b,
  0x49, 0x6f, 0x63, 0x89, 0x79, 0xac, 0x6c, 0x43, 0x0c, 0xa6, 0x21, 0xd9, 0xaa, 0x4d, 0x39, 0x98,
  0x86, 0x46, 0xa7, 0x35, 0x95, 0xa0, 0x12, 0x1e, 0x2d, 0xcb, 0x54, 0x93, 0x89, 0x86, 0x2f, 0x6c,
  0x63, 0x09, 0x62, 0x1e, 0x3d, 0x33, 0x0c, 0x25, 0x88, 0x59, 0xf4, 0x28, 0xd4, 0x65, 0x6b, 0xea,
  0x99, 0x87, 0x11, 0x80, 0x67, 0x25, 0x00, 0x00, 0x3c,
};
static const uint8_t VOC_BITS_DOOM30[] = {   // "it has stopped looking. it is coming."  (frames=118, bytes=423)
  0x50, 0xda, 0x91, 0x99, 0x3c, 0xa7, 0xd6, 0xe9, 0x46, 0x50, 0xd2, 0xa8, 0x4b, 0xad, 0xeb, 0xda,
  0x48, 0x2b, 0x2f, 0xa7, 0x2e, 0x4b, 0x25, 0xab, 0x9c, 0xec, 0xda, 0xee, 0x82, 0x35, 0x32, 0x72,
  0x69, 0xaa, 0x65, 0xd5, 0x68, 0xd3, 0xad, 0x29, 0x8e, 0xdd, 0xbb, 0x2c, 0x9f, 0xb6, 0x06, 0x35,
  0xf7, 0x29, 0xb3, 0xba, 0x1a, 0x55, 0xcd, 0x37, 0x4a, 0x1a, 0xb2, 0x13, 0x09, 0xdb, 0x30, 0x63,
  0xd8, 0x7a, 0x03, 0xc1, 0x5c, 0x0b, 0x60, 0x99, 0x4e, 0x05, 0x1c, 0x53, 0x85, 0x80, 0x6b, 0xab,
  0x08, 0xf0, 0xfd, 0x14, 0x10, 0xa0, 0xf1, 0xf2, 0x56, 0x66, 0xeb, 0xea, 0x51, 0x55, 0x4e, 0x99,
  0x7d, 0x86, 0xda, 0x54, 0x59, 0x55, 0x8e, 0x95, 0xe2, 0x5d, 0xe6, 0x54, 0x39, 0x74, 0xb1, 0xf7,
  0x94, 0x51, 0xe5, 0xd0, 0x25, 0x5a, 0x63, 0x42, 0x95, 0x42, 0x3b, 0x59, 0x0c, 0x46, 0x15, 0xa7,
  0x1e, 0xe1, 0x6e, 0x07, 0x00, 0x01, 0xc9, 0x72, 0x88, 0xde, 0xa9, 0x48, 0x15, 0x8f, 0xe3, 0xfa,
  0x88, 0xb6, 0x50, 0xf3, 0x96, 0xe9, 0x12, 0x9c, 0x22, 0x8e, 0x45, 0xa3, 0xcd, 0x72, 0x4a, 0x28,
  0x1e, 0x8d, 0x36, 0xeb, 0x4e, 0x91, 0x78, 0xd4, 0xba, 0x2c, 0xd3, 0x4d, 0x6d, 0x21, 0xea, 0xbc,
  0x2a, 0x92, 0xf1, 0x56, 0x08, 0x00, 0x5e, 0x5c, 0x01, 0x3d, 0xab, 0x33, 0x20, 0x71, 0xb6, 0xb4,
  0x56, 0xcd, 0x92, 0x55, 0xa5, 0xd7, 0xda, 0x02, 0x4b, 0x54, 0x4d, 0x2a, 0x5b, 0x73, 0x42, 0x3d,
  0x5e, 0x24, 0xec, 0xc5, 0x62, 0x35, 0x9b, 0x7d, 0xb7, 0x27, 0x27, 0x43, 0x12, 0x6e, 0xd5, 0x9e,
  0x9d, 0x34, 0xa9, 0x39, 0x43, 0x5b, 0x0e, 0xd6, 0x60, 0xea, 0x06, 0x01, 0xae, 0x48, 0x00, 0x00,
  0x00, 0x00, 0x00, 0x00, 0x00, 0x00, 0x00, 0x00, 0x00, 0x00, 0x00, 0x00, 0x00, 0x00, 0x00, 0x00,
  0x00, 0x00, 0x94, 0x66, 0x24, 0x45, 0xab, 0x9a, 0x75, 0xda, 0x11, 0x14, 0xb5, 0x6a, 0xd6, 0x68,
  0xbb, 0x51, 0xb2, 0xac, 0x4b, 0xa4, 0xab, 0x52, 0x49, 0x33, 0x4e, 0x85, 0xae, 0x19, 0x21, 0xf7,
  0x98, 0x35, 0xba, 0x66, 0x0d, 0x2d, 0x73, 0xe6, 0xe8, 0x9a, 0x53, 0x74, 0xeb, 0x49, 0xad, 0xaf,
  0x56, 0x38, 0x74, 0x4e, 0x87, 0xbe, 0x33, 0x27, 0x8e, 0xe8, 0x58, 0xea, 0x6b, 0xa7, 0x1d, 0x54,
  0x8e, 0x02, 0xa6, 0xfd, 0x41, 0x40, 0xcb, 0x87, 0x08, 0xa8, 0x59, 0xdc, 0x00, 0x6d, 0xb0, 0x84,
  0xb2, 0x56, 0x21, 0xb7, 0x8a, 0x3d, 0xca, 0xe4, 0xd3, 0x35, 0x2a, 0xf4, 0x2a, 0x93, 0xef, 0x90,
  0xac, 0x31, 0xad, 0x4a, 0x6e, 0x02, 0xd3, 0xa7, 0xb4, 0x3a, 0xe9, 0x30, 0x53, 0x5c, 0x9d, 0xba,
  0x68, 0xdd, 0x4c, 0x64, 0xd3, 0x1a, 0xb3, 0x33, 0xb3, 0xf4, 0x59, 0x6b, 0x29, 0x4e, 0xcd, 0x2b,
  0x27, 0xb6, 0xb5, 0x3a, 0xd1, 0xaa, 0x18, 0x5d, 0xd6, 0x16, 0x31, 0x47, 0xc5, 0xba, 0x58, 0xa3,
  0x93, 0x66, 0xce, 0x64, 0x66, 0xcd, 0x56, 0x06, 0xcd, 0xdc, 0xa2, 0x35, 0x7b, 0x6d, 0x34, 0x75,
  0x82, 0x00, 0x57, 0x24, 0x00, 0xe0, 0x01,
};
static const uint8_t VOC_BITS_DOOM31[] = {   // "there is no track to follow now. only you."  (frames=135, bytes=568)
  0x80, 0x6a, 0x92, 0xb2, 0x92, 0xc5, 0x4a, 0x6a, 0x9a, 0x55, 0xb6, 0xf0, 0xd1, 0xab, 0xab, 0x81,
  0xd9, 0xa2, 0x27, 0xad, 0xae, 0x06, 0x61, 0xaf, 0xec, 0x38, 0xba, 0xba, 0x48, 0x43, 0xad, 0x67,
  0xe9, 0x73, 0xc7, 0x0c, 0x89, 0x0e, 0xad, 0x2f, 0x13, 0xd3, 0x25, 0x56, 0xa2, 0xa1, 0x76, 0xb4,
  0xb4, 0xec, 0xd9, 0x86, 0xe2, 0x49, 0x2a, 0xbb, 0x76, 0x1b, 0xb2, 0x15, 0xce, 0xec, 0xca, 0x69,
  0xc8, 0xd2, 0x38, 0xa2, 0x66, 0xb9, 0xe1, 0x29, 0x35, 0x46, 0x75, 0x22, 0x80, 0x45, 0xc2, 0xc2,
  0x31, 0xa8, 0xab, 0xa6, 0xc7, 0x2c, 0x83, 0xb5, 0x9e, 0x41, 0x16, 0x1d, 0xf5, 0xde, 0x68, 0xab,
  0x86, 0xba, 0xd1, 0x64, 0x2d, 0x11, 0x9a, 0x56, 0x4e, 0x59, 0x9c, 0x9a, 0x65, 0x2d, 0x5c, 0x79,
  0x76, 0xe1, 0xe6, 0xb1, 0x72, 0x64, 0xc9, 0x67, 0x98, 0xd8, 0xca, 0x96, 0x44, 0x53, 0x2e, 0xee,
  0x2b, 0x5a, 0x12, 0x5d, 0xb8, 0x6a, 0x2c, 0x22, 0x49, 0xe4, 0xe6, 0x92, 0xbe, 0xaa, 0x24, 0xab,
  0x98, 0x93, 0xa8, 0x1c, 0x05, 0xcc, 0xd1, 0x99, 0x80, 0x3e, 0xa7, 0x04, 0x50, 0x67, 0x66, 0xaa,
  0x72, 0x61, 0xf3, 0xd0, 0xc4, 0xa3, 0xca, 0x95, 0x23, 0xc2, 0x5a, 0x9c, 0xaa, 0x64, 0x73, 0x0f,
  0xef, 0x78, 0xaa, 0x92, 0xc2, 0x3c, 0x7d, 0xe1, 0xa9, 0x4b, 0x4a, 0xf3, 0x8c, 0x59, 0xab, 0x29,
  0x59, 0x3d, 0x32, 0xcb, 0xa4, 0xa6, 0x24, 0xca, 0xa8, 0x34, 0x65, 0x9a, 0x62, 0x41, 0x2b, 0x2b,
  0x16, 0x02, 0x84, 0xb7, 0x04, 0x02, 0x54, 0x1e, 0x16, 0x80, 0xa5, 0x52, 0xcb, 0x50, 0x99, 0xa9,
  0x4c, 0xb4, 0x1c, 0x43, 0xb6, 0xaa, 0xee, 0xde, 0x0a, 0x8d, 0xc9, 0x9a, 0x4a, 0xe8, 0xa2, 0x32,
  0x0f, 0x5f, 0xce, 0x2e, 0x94, 0x10, 0xd0, 0x5d, 0x18, 0x01, 0xaa, 0x0d, 0x0d, 0x6d, 0x31, 0x19,
  0xee, 0x16, 0xa7, 0xb5, 0x31, 0x77, 0xb2, 0xd6, 0xac, 0xd1, 0x26, 0xbf, 0xcd, 0x16, 0x97, 0x56,
  0x9b, 0xe2, 0x16, 0x6b, 0x4d, 0x1e, 0x5d, 0x0a, 0x57, 0xac, 0x79, 0xb9, 0x75, 0xd1, 0x5d, 0x91,
  0xf6, 0xe8, 0xd4, 0x05, 0x73, 0x85, 0x52, 0x93, 0x4a, 0x1f, 0xdc, 0x06, 0xea, 0x8c, 0x1e, 0x63,
  0x96, 0x5b, 0xa4, 0x35, 0x6b, 0x4c, 0xc9, 0x4c, 0x32, 0xf7, 0xc2, 0x31, 0x27, 0x33, 0x89, 0x9e,
  0x8b, 0xda, 0x1c, 0x62, 0x19, 0x7b, 0x2d, 0x6a, 0x4b, 0xb4, 0x11, 0x62, 0x39, 0x5b, 0x2c, 0x41,
  0xc9, 0x08, 0x65, 0xb2, 0x32, 0x47, 0x2d, 0xe5, 0x1c, 0xf6, 0xc6, 0x58, 0xb4, 0xb8, 0xfb, 0x84,
  0x19, 0x63, 0x35, 0x12, 0x9e, 0x53, 0xfa, 0x8c, 0xd5, 0x9a, 0x5b, 0x76, 0xe4, 0x36, 0x55, 0xe7,
  0xa1, 0x31, 0x65, 0xd6, 0x5c, 0x7c, 0x84, 0xc6, 0x94, 0x19, 0x6b, 0xf6, 0xe5, 0x9a, 0x55, 0xc5,
  0x6c, 0xd9, 0x76, 0x89, 0xe7, 0xe4, 0xb0, 0xa5, 0xb0, 0x45, 0x1e, 0x65, 0x11, 0x10, 0x7a, 0x32,
  0x00, 0x00, 0x00, 0x00, 0x00, 0x00, 0x00, 0x00, 0x00, 0x00, 0x00, 0x00, 0x00, 0x00, 0x00, 0x00,
  0x00, 0x00, 0x00, 0x84, 0x36, 0xfa, 0x2b, 0xf4, 0x9c, 0xd5, 0xda, 0xe0, 0xb7, 0x48, 0x6a, 0x72,
  0xa9, 0x13, 0xdf, 0x05, 0x8b, 0x3a, 0xad, 0x8a, 0x7c, 0x07, 0x3d, 0x92, 0xb6, 0xb2, 0x90, 0x5a,
  0x30, 0x77, 0x56, 0x8a, 0x4c, 0x7b, 0x90, 0xc3, 0x59, 0x29, 0x82, 0xda, 0x40, 0x09, 0x77, 0xa5,
  0x0c, 0xa6, 0x8d, 0x63, 0xec, 0xac, 0x2a, 0x99, 0x90, 0xa8, 0xb6, 0xb3, 0xda, 0xa6, 0x58, 0x2a,
  0xb7, 0x74, 0xe8, 0x9b, 0x22, 0xea, 0x99, 0xd2, 0x65, 0x6c, 0x82, 0xa8, 0x66, 0x42, 0xa9, 0x79,
  0x30, 0x26, 0xdb, 0x29, 0x95, 0x96, 0x4e, 0x99, 0x7d, 0xbb, 0x74, 0x59, 0x86, 0x10, 0x92, 0xed,
  0x99, 0x6d, 0xe9, 0x46, 0x48, 0xab, 0x17, 0x8c, 0xb5, 0x79, 0x26, 0xcb, 0x5e, 0xd8, 0xd6, 0x96,
  0x99, 0xcd, 0x7b, 0x41, 0xdb, 0x5a, 0x66, 0x31, 0xcf, 0x15, 0x65, 0xab, 0x5e, 0x29, 0x3c, 0x7b,
  0x94, 0x2d, 0x7b, 0xb1, 0xb0, 0x6a, 0x21, 0xb6, 0xe8, 0x24, 0xcd, 0x62, 0x94, 0xd8, 0x52, 0x70,
  0x17, 0x93, 0xd1, 0x08, 0x30, 0x85, 0x02, 0x1e,
};
static const uint8_t VOC_BITS_DOOM32[] = {   // "it knows the shape of you."  (frames=58, bytes=314)
  0xd0, 0xda, 0x91, 0x14, 0xb5, 0x6a, 0xd2, 0xe9, 0x46, 0x50, 0xd2, 0xac, 0x59, 0xa3, 0x1f, 0xda,
  0x89, 0x3b, 0x2e, 0x99, 0x3e, 0x70, 0xd5, 0xaa, 0x18, 0x84, 0x46, 0x27, 0xdd, 0x32, 0x3c, 0x8c,
  0x19, 0x95, 0xf7, 0x32, 0x09, 0x67, 0x61, 0xf0, 0xc6, 0xca, 0x29, 0x9c, 0xa7, 0x3e, 0x68, 0xad,
  0xa0, 0xb0, 0xbf, 0xea, 0x22, 0x4d, 0x23, 0xaa, 0xe2, 0xa9, 0x8a, 0x75, 0xb5, 0x8c, 0x59, 0xa3,
  0x48, 0x2e, 0xc2, 0x3c, 0x46, 0x8f, 0x3c, 0xba, 0x72, 0xd7, 0x5c, 0x38, 0xf2, 0x18, 0xd2, 0x54,
  0x73, 0x51, 0xcb, 0xa3, 0x49, 0x33, 0xf3, 0x95, 0x2d, 0x4f, 0x32, 0x24, 0x32, 0x56, 0xa6, 0xa2,
  0xe0, 0x24, 0xcb, 0xcc, 0x88, 0xba, 0xa7, 0x3d, 0x18, 0xd4, 0x89, 0x00, 0x86, 0x28, 0x41, 0x40,
  0x65, 0xc5, 0xaa, 0xca, 0x22, 0x58, 0xdd, 0x26, 0xb7, 0x2a, 0x19, 0x53, 0xf7, 0x9c, 0x32, 0x9a,
  0x62, 0x4c, 0xcc, 0xfd, 0x56, 0x6b, 0x8b, 0x50, 0xd3, 0x8c, 0x99, 0xa1, 0x3b, 0xd9, 0x1d, 0x49,
  0xba, 0x39, 0xe0, 0x94, 0x9c, 0x04, 0xdc, 0xd2, 0x2b, 0x80, 0xdb, 0x7b, 0x0b, 0xb0, 0xca, 0x0e,
  0x02, 0xa6, 0x12, 0x59, 0x55, 0x77, 0x46, 0x52, 0xb9, 0xf0, 0xd4, 0x3d, 0x08, 0x45, 0x4c, 0xad,
  0x53, 0x8f, 0xac, 0x68, 0xd1, 0xb3, 0x56, 0xdb, 0x23, 0x63, 0x54, 0xcd, 0x4a, 0x5d, 0x36, 0x68,
  0x9d, 0x59, 0x0b, 0xf5, 0xc0, 0x74, 0x76, 0x59, 0x2c, 0x04, 0x40, 0xe9, 0x41, 0x00, 0x17, 0xcc,
  0xca, 0x18, 0x43, 0xba, 0x9a, 0xcf, 0x1a, 0x53, 0xf2, 0x91, 0x26, 0xbe, 0x30, 0xcc, 0x31, 0x84,
  0xab, 0xfa, 0x42, 0xb1, 0x70, 0xeb, 0x6e, 0x16, 0x8d, 0xdd, 0xd2, 0x83, 0x0b, 0xa9, 0xa4, 0x6e,
  0x4b, 0xb3, 0x42, 0x52, 0xb1, 0xa8, 0xac, 0x5d, 0x29, 0x72, 0xe5, 0xc2, 0xb2, 0x76, 0x21, 0xa4,
  0x31, 0x2b, 0xc7, 0xda, 0x95, 0x90, 0x54, 0x2d, 0x6c, 0x6b, 0x73, 0x82, 0x56, 0xbd, 0xa1, 0xac,
  0x2d, 0x33, 0x99, 0xd7, 0xca, 0xb1, 0xd6, 0xc8, 0xec, 0x51, 0x2d, 0xcc, 0x56, 0x02, 0x6b, 0x78,
  0xb6, 0x28, 0x5b, 0xf2, 0xe2, 0x11, 0x39, 0x53, 0x6d, 0xc9, 0x9b, 0xab, 0xeb, 0x68, 0xb6, 0xa6,
  0xe0, 0xae, 0x2a, 0x63, 0x10, 0xa0, 0x0b, 0x3b, 0xc0, 0x03,
};
static const uint8_t VOC_BITS_RUN[] = {   // "run."  (frames=21, bytes=103)
  0x40, 0x06, 0xbd, 0x28, 0x0b, 0x2d, 0x95, 0x19, 0xec, 0xc2, 0x2c, 0xb2, 0x8e, 0xa9, 0x0f, 0x93,
  0xad, 0x4d, 0x72, 0xb5, 0x3e, 0x76, 0x8d, 0x54, 0xed, 0x3c, 0xfa, 0x94, 0x22, 0xdc, 0xa4, 0xd3,
  0xea, 0xb3, 0xed, 0x62, 0xb7, 0x45, 0x6b, 0xc8, 0x66, 0x8a, 0x3d, 0xa7, 0x8c, 0x31, 0xbb, 0x09,
  0xca, 0x2a, 0xbb, 0xe6, 0x1c, 0xca, 0x24, 0xa7, 0x6c, 0x58, 0xb3, 0x4b, 0x33, 0xef, 0x32, 0x61,
  0x4b, 0xda, 0xdc, 0x2c, 0x8b, 0xa2, 0x2d, 0x6a, 0x49, 0xb3, 0x34, 0x6f, 0xb6, 0x64, 0x38, 0x25,
  0x53, 0x3a, 0xda, 0xa2, 0xe5, 0xe4, 0x0c, 0x79, 0x6c, 0x4b, 0x96, 0x9c, 0x32, 0xe5, 0x21, 0x80,
  0x39, 0x29, 0x04, 0x18, 0xcf, 0x09, 0xf0,
};
static const uint8_t VOC_BITS_I_SEE_YOU[] = {   // "i see you."  (frames=29, bytes=148)
  0xd0, 0xda, 0x1c, 0x3b, 0xcc, 0xb2, 0xd2, 0xe9, 0x8a, 0x6f, 0x77, 0xf7, 0x4b, 0xa7, 0xab, 0x3e,
  0x2c, 0xb4, 0x26, 0x9f, 0xae, 0x46, 0x95, 0xf0, 0x8d, 0x92, 0xba, 0x6c, 0xc8, 0x2a, 0xd7, 0x48,
  0xe9, 0xba, 0x74, 0x44, 0x8d, 0x24, 0x0a, 0x18, 0xfe, 0x8c, 0x01, 0xdb, 0x4c, 0x0a, 0x60, 0xb9,
  0x2d, 0x05, 0x2c, 0xfb, 0x91, 0xa6, 0x61, 0x0a, 0x29, 0x7c, 0xf6, 0x6a, 0x87, 0x53, 0xb0, 0xec,
  0x4b, 0xa1, 0x1d, 0x56, 0xc0, 0x7a, 0x26, 0xb5, 0x7e, 0x28, 0x01, 0xdd, 0x2e, 0x85, 0xc6, 0xce,
  0x99, 0x6c, 0xb7, 0x54, 0x9b, 0x87, 0x10, 0xe2, 0xed, 0x49, 0x66, 0xe9, 0x52, 0x48, 0xba, 0x66,
  0x8e, 0xa5, 0x59, 0x41, 0xcd, 0x5e, 0x10, 0xd6, 0x16, 0x19, 0x35, 0x6b, 0xc5, 0x58, 0x5b, 0x61,
  0x76, 0xed, 0x95, 0x6d, 0xab, 0x91, 0xc5, 0xbd, 0x36, 0x96, 0xad, 0x78, 0xd6, 0x88, 0xd8, 0x10,
  0xb6, 0xe8, 0xd4, 0x23, 0x62, 0x01, 0xdb, 0x52, 0xd0, 0x50, 0xf5, 0xd1, 0x6c, 0x4b, 0xd9, 0x43,
  0x54, 0xcb, 0x00, 0x3c,
};
static const uint8_t VOC_BITS_MINE[] = {   // "mine."  (frames=22, bytes=112)
  0x10, 0xfa, 0x68, 0x36, 0x48, 0x25, 0x55, 0xeb, 0x93, 0x9a, 0x42, 0xc5, 0x44, 0xad, 0x8f, 0x61,
  0x03, 0xcd, 0x6b, 0x8d, 0x3e, 0xeb, 0x6d, 0xf4, 0x98, 0xbc, 0x86, 0x6c, 0xb6, 0x28, 0x6a, 0xcc,
  0x1a, 0x8b, 0x9a, 0x62, 0xaf, 0xb1, 0x6b, 0x4c, 0x71, 0x4c, 0xaa, 0xa3, 0x8e, 0x29, 0xbb, 0x71,
  0xce, 0x2e, 0xbb, 0x96, 0x1c, 0x32, 0xb8, 0x26, 0xca, 0x58, 0x4b, 0x74, 0x97, 0x9a, 0x28, 0x69,
  0x2b, 0x4e, 0xc3, 0xaa, 0xc3, 0xa6, 0xad, 0x18, 0x4a, 0x8f, 0x36, 0x6b, 0xb6, 0x68, 0xb8, 0x4c,
  0xd3, 0xba, 0xd8, 0xa2, 0xe5, 0x92, 0x0c, 0xf9, 0x62, 0x8b, 0x96, 0x93, 0x23, 0xe4, 0x91, 0x2d,
  0x59, 0x0a, 0xce, 0x94, 0x27, 0xb6, 0xe2, 0xd9, 0x31, 0x4b, 0x2e, 0x02, 0xb4, 0xe7, 0x04, 0x78,
};
static const uint8_t VOC_BITS_COME_HERE[] = {   // "come here."  (frames=27, bytes=133)
  0x20, 0x80, 0x92, 0xc8, 0x0d, 0x90, 0x3c, 0x6b, 0x2a, 0xa2, 0x37, 0xf5, 0xc8, 0x30, 0xab, 0x48,
  0xb1, 0x5c, 0xb2, 0xa2, 0x8c, 0x22, 0x9b, 0x49, 0xca, 0x1c, 0x33, 0x8a, 0x14, 0xc7, 0x31, 0x7c,
  0x4e, 0x29, 0x92, 0x2d, 0x63, 0xa3, 0xd6, 0xa9, 0x48, 0x22, 0x9d, 0x03, 0x97, 0xb8, 0xca, 0x1b,
  0x77, 0x0d, 0x8b, 0x1a, 0xea, 0x2a, 0xd9, 0x32, 0xdc, 0x9a, 0xaa, 0x9b, 0x42, 0xcf, 0x34, 0xfa,
  0xa1, 0xaa, 0x02, 0x63, 0xda, 0xe8, 0x95, 0xb2, 0x49, 0xe2, 0xd8, 0x0a, 0xdd, 0xca, 0x1e, 0x91,
  0xa2, 0xa6, 0xd6, 0x28, 0x7b, 0x67, 0xd4, 0xca, 0x8d, 0xa5, 0x6d, 0x8d, 0xc8, 0x2a, 0x36, 0xb6,
  0xb6, 0x0e, 0x34, 0xb7, 0xdc, 0x18, 0xc6, 0xba, 0xd0, 0xdd, 0x6c, 0x43, 0x59, 0xcb, 0xc4, 0xf4,
  0xf0, 0x85, 0x68, 0x2b, 0x13, 0xda, 0x22, 0x6b, 0x10, 0x20, 0x26, 0x58, 0x04, 0xe4, 0x0c, 0x85,
  0x80, 0x9c, 0x20, 0x01, 0x1e,
};
static const uint8_t VOC_BITS_WASTELAND[] = {   // "welcome to the wasteland."  (frames=63, bytes=339)
  0x40, 0x1a, 0x76, 0xd4, 0xc8, 0x36, 0xb2, 0x6b, 0xc5, 0x28, 0x55, 0x8e, 0x49, 0xa5, 0x0d, 0x69,
  0xc4, 0x24, 0x17, 0xae, 0x26, 0xbb, 0x0a, 0x13, 0x5f, 0xb9, 0xaa, 0xec, 0x2b, 0x54, 0x6a, 0xf2,
  0x2a, 0x53, 0x9c, 0x60, 0x9b, 0x2a, 0xa5, 0x88, 0x61, 0x93, 0x78, 0x46, 0xa7, 0x22, 0xf8, 0x0d,
  0xe6, 0x19, 0x42, 0x0a, 0xdf, 0x0c, 0x25, 0x3a, 0x0c, 0x2a, 0x9d, 0x35, 0x62, 0x33, 0x27, 0x04,
  0x28, 0x45, 0x54, 0x01, 0x39, 0x32, 0x95, 0x22, 0x79, 0xd3, 0x48, 0xaf, 0xd4, 0x8a, 0x18, 0xdd,
  0x2d, 0x7c, 0x56, 0xab, 0xa2, 0x33, 0x77, 0xb4, 0x36, 0xa5, 0x8e, 0xd6, 0x3c, 0xc8, 0x5a, 0xbb,
  0x46, 0x3b, 0x4b, 0x17, 0x8b, 0xcb, 0x9a, 0x68, 0xcc, 0xc2, 0xc8, 0x8e, 0x00, 0x3a, 0x0f, 0x0d,
  0xc0, 0x16, 0xa1, 0xa9, 0x6d, 0xd2, 0x59, 0x32, 0x1a, 0x8c, 0x36, 0x6b, 0x55, 0x0f, 0x5f, 0x94,
  0xfa, 0x64, 0xd5, 0xdc, 0x72, 0x11, 0x19, 0x8c, 0x56, 0x33, 0xf7, 0x59, 0x69, 0xc8, 0x56, 0xcd,
  0x34, 0x67, 0x8f, 0x31, 0xb9, 0x54, 0x97, 0xe8, 0x98, 0x66, 0x9f, 0x4a, 0x55, 0xad, 0x83, 0x5b,
  0x45, 0x1d, 0x75, 0xb2, 0x8d, 0x62, 0xa5, 0xc7, 0xd5, 0xa8, 0xcb, 0xa0, 0x85, 0x5d, 0x96, 0xb0,
  0x14, 0xeb, 0x06, 0xd5, 0x87, 0xd4, 0xb3, 0x66, 0xeb, 0x63, 0x68, 0x31, 0xa9, 0x06, 0xa7, 0xaf,
  0xce, 0x34, 0xd4, 0x17, 0x9f, 0xbe, 0x79, 0xe1, 0xf0, 0x9e, 0x75, 0xfa, 0x91, 0x15, 0xdd, 0x6b,
  0xf2, 0x18, 0x7a, 0x20, 0xec, 0xdc, 0xd2, 0x68, 0x48, 0x0a, 0x7d, 0x73, 0x4c, 0xae, 0x61, 0xba,
  0x37, 0x42, 0x71, 0x2c, 0x80, 0x65, 0x2e, 0x08, 0x70, 0x4d, 0x17, 0x02, 0x86, 0x2a, 0x21, 0x40,
  0xb1, 0xa1, 0x66, 0x8a, 0xca, 0x23, 0xd8, 0x9a, 0xa6, 0xc9, 0x9b, 0x53, 0x8c, 0x9a, 0xec, 0x66,
  0x1f, 0x96, 0x29, 0x3b, 0x4a, 0x5b, 0x63, 0x1a, 0xe5, 0x1e, 0xab, 0x6b, 0xcb, 0xae, 0x4d, 0x7a,
  0xad, 0x9e, 0xad, 0xd8, 0x34, 0xcb, 0x8d, 0xb2, 0xb6, 0xe2, 0xdd, 0xac, 0x27, 0xca, 0xd9, 0xaa,
  0x73, 0xb3, 0xec, 0xb2, 0x67, 0xab, 0xc1, 0xdc, 0x72, 0xc2, 0xae, 0xbd, 0x58, 0xd7, 0x8c, 0x2e,
  0x5b, 0xf6, 0xac, 0x4d, 0x53, 0x2b, 0xa8, 0xdb, 0x83, 0xd1, 0x72, 0x49, 0xeb, 0x62, 0xb7, 0x56,
  0x87, 0x25, 0x9d, 0xb3, 0xbd, 0x0a, 0x37, 0x0f, 0xb3, 0x2c, 0x80, 0xc2, 0xd2, 0x08, 0x50, 0x45,
  0x28, 0x00, 0x3c,
};
static const uint8_t VOC_BITS_SURVIVORS[] = {   // "survivors remain."  (frames=51, bytes=275)
  0x80, 0x80, 0xa3, 0x3a, 0x05, 0xf0, 0x6d, 0xa6, 0x00, 0xbe, 0xad, 0x72, 0xc0, 0xe2, 0xec, 0xa3,
  0x2f, 0x41, 0xc5, 0x22, 0x32, 0xb7, 0x21, 0x17, 0x8c, 0xd4, 0xe8, 0xe4, 0xc6, 0x54, 0x30, 0x83,
  0xaa, 0xa3, 0x9b, 0x42, 0x62, 0x33, 0x93, 0x9c, 0x68, 0x8a, 0xda, 0x4c, 0x54, 0x13, 0xb7, 0x2e,
  0x86, 0x0a, 0x55, 0x5f, 0x34, 0xea, 0x14, 0x26, 0x45, 0x63, 0xd6, 0xaa, 0xb2, 0x9f, 0x12, 0xad,
  0xc9, 0xab, 0xc8, 0xa1, 0x43, 0xa3, 0xc7, 0x9c, 0xbc, 0x04, 0x77, 0x8b, 0xa9, 0xb2, 0xb2, 0xe2,
  0xd5, 0x3c, 0x73, 0x72, 0xc8, 0x62, 0x60, 0x77, 0xf7, 0xc9, 0x28, 0x4b, 0x52, 0x54, 0x5c, 0xed,
  0xa6, 0x34, 0x76, 0x76, 0x77, 0x69, 0x93, 0xd2, 0x34, 0xb0, 0x4d, 0x7c, 0x65, 0xc9, 0x72, 0xc7,
  0x4c, 0x8e, 0x0e, 0xad, 0x28, 0x1d, 0x2d, 0xdc, 0x7b, 0x96, 0x2a, 0x3b, 0x65, 0xab, 0x4a, 0xd3,
  0xea, 0x0e, 0xcd, 0x34, 0x2b, 0xa3, 0x02, 0x2e, 0x60, 0x0d, 0xc0, 0xb5, 0x66, 0x08, 0xa8, 0x96,
  0x25, 0xf4, 0x31, 0xb3, 0x69, 0x48, 0xea, 0xd4, 0xc7, 0x8e, 0x19, 0xa6, 0x3d, 0x4b, 0x9f, 0x27,
  0x45, 0xb8, 0xe4, 0x1c, 0x43, 0xae, 0xec, 0x61, 0x96, 0xb3, 0x4c, 0x29, 0x88, 0x85, 0x68, 0xa7,
  0x30, 0x25, 0xa3, 0xea, 0x4a, 0xab, 0xdb, 0x94, 0x1d, 0xbb, 0xb3, 0x2d, 0x5e, 0x53, 0x71, 0x62,
  0x9e, 0x39, 0x7a, 0x4d, 0xd5, 0xb1, 0x47, 0x4e, 0xe8, 0x33, 0x55, 0x23, 0x56, 0x55, 0xa5, 0xd7,
  0x54, 0x8d, 0x68, 0x57, 0x95, 0x5e, 0x53, 0x35, 0xec, 0x5d, 0x19, 0xe6, 0xcc, 0xcd, 0xb2, 0x4e,
  0x65, 0x98, 0xb5, 0x34, 0xcb, 0x36, 0xe5, 0xe6, 0xd2, 0x5a, 0x0d, 0xfb, 0x96, 0x9b, 0x2f, 0x7b,
  0x31, 0x6c, 0x9b, 0x61, 0xde, 0xed, 0xd9, 0x70, 0xb4, 0x59, 0x38, 0xb6, 0x47, 0xc3, 0xe5, 0xec,
  0xe1, 0xd1, 0x16, 0xad, 0xa4, 0x69, 0x58, 0x67, 0x5b, 0x76, 0xec, 0xec, 0x29, 0x0d, 0x01, 0x26,
  0x72, 0x02, 0x3c,
};

struct SndVocabEntry { const uint8_t* bits; uint16_t bytes; uint16_t frames; const char* text; };
static const SndVocabEntry SND_VOCAB[VOC_COUNT] = {
  { VOC_BITS_N1, (uint16_t)sizeof(VOC_BITS_N1), 19, "one" },
  { VOC_BITS_N2, (uint16_t)sizeof(VOC_BITS_N2), 15, "two" },
  { VOC_BITS_N3, (uint16_t)sizeof(VOC_BITS_N3), 18, "three" },
  { VOC_BITS_N4, (uint16_t)sizeof(VOC_BITS_N4), 20, "four" },
  { VOC_BITS_N5, (uint16_t)sizeof(VOC_BITS_N5), 22, "five" },
  { VOC_BITS_N6, (uint16_t)sizeof(VOC_BITS_N6), 24, "six" },
  { VOC_BITS_N7, (uint16_t)sizeof(VOC_BITS_N7), 24, "seven" },
  { VOC_BITS_N8, (uint16_t)sizeof(VOC_BITS_N8), 16, "eight" },
  { VOC_BITS_N9, (uint16_t)sizeof(VOC_BITS_N9), 23, "nine" },
  { VOC_BITS_N10, (uint16_t)sizeof(VOC_BITS_N10), 21, "ten" },
  { VOC_BITS_N11, (uint16_t)sizeof(VOC_BITS_N11), 24, "eleven" },
  { VOC_BITS_N12, (uint16_t)sizeof(VOC_BITS_N12), 25, "twelve" },
  { VOC_BITS_N13, (uint16_t)sizeof(VOC_BITS_N13), 24, "thirteen" },
  { VOC_BITS_N14, (uint16_t)sizeof(VOC_BITS_N14), 28, "fourteen" },
  { VOC_BITS_N15, (uint16_t)sizeof(VOC_BITS_N15), 26, "fifteen" },
  { VOC_BITS_N16, (uint16_t)sizeof(VOC_BITS_N16), 31, "sixteen" },
  { VOC_BITS_N17, (uint16_t)sizeof(VOC_BITS_N17), 35, "seventeen" },
  { VOC_BITS_N18, (uint16_t)sizeof(VOC_BITS_N18), 24, "eighteen" },
  { VOC_BITS_N19, (uint16_t)sizeof(VOC_BITS_N19), 30, "nineteen" },
  { VOC_BITS_N20, (uint16_t)sizeof(VOC_BITS_N20), 23, "twenty" },
  { VOC_BITS_N30, (uint16_t)sizeof(VOC_BITS_N30), 18, "thirty" },
  { VOC_BITS_N40, (uint16_t)sizeof(VOC_BITS_N40), 21, "forty" },
  { VOC_BITS_N50, (uint16_t)sizeof(VOC_BITS_N50), 24, "fifty" },
  { VOC_BITS_N60, (uint16_t)sizeof(VOC_BITS_N60), 27, "sixty" },
  { VOC_BITS_N70, (uint16_t)sizeof(VOC_BITS_N70), 29, "seventy" },
  { VOC_BITS_N80, (uint16_t)sizeof(VOC_BITS_N80), 18, "eighty" },
  { VOC_BITS_N90, (uint16_t)sizeof(VOC_BITS_N90), 23, "ninety" },
  { VOC_BITS_N100, (uint16_t)sizeof(VOC_BITS_N100), 26, "hundred" },
  { VOC_BITS_DAY, (uint16_t)sizeof(VOC_BITS_DAY), 15, "day" },
  { VOC_BITS_DAWN_GREY, (uint16_t)sizeof(VOC_BITS_DAWN_GREY), 71, "comes up grey over the waste." },
  { VOC_BITS_DAWN_THIN, (uint16_t)sizeof(VOC_BITS_DAWN_THIN), 111, "thin light. and we are still here." },
  { VOC_BITS_DAWN_SUN, (uint16_t)sizeof(VOC_BITS_DAWN_SUN), 36, "another sun." },
  { VOC_BITS_NIGHT, (uint16_t)sizeof(VOC_BITS_NIGHT), 38, "night falls." },
  { VOC_BITS_NIGHT2, (uint16_t)sizeof(VOC_BITS_NIGHT2), 50, "the dark comes down." },
  { VOC_BITS_TC1, (uint16_t)sizeof(VOC_BITS_TC1), 141, "the clock turns. something out there woke up." },
  { VOC_BITS_TC2, (uint16_t)sizeof(VOC_BITS_TC2), 159, "the clock turns again. the waste is paying attention." },
  { VOC_BITS_TC3, (uint16_t)sizeof(VOC_BITS_TC3), 154, "the clock turns. nothing out here is sleeping now." },
  { VOC_BITS_TC4, (uint16_t)sizeof(VOC_BITS_TC4), 94, "the clock has run out of patience with us." },
  { VOC_BITS_TOO_LATE, (uint16_t)sizeof(VOC_BITS_TOO_LATE), 25, "too late." },
  { VOC_BITS_WARNING, (uint16_t)sizeof(VOC_BITS_WARNING), 22, "warning." },
  { VOC_BITS_GUIDE, (uint16_t)sizeof(VOC_BITS_GUIDE), 24, "the guide" },
  { VOC_BITS_QUARTERMASTER, (uint16_t)sizeof(VOC_BITS_QUARTERMASTER), 47, "the quartermaster" },
  { VOC_BITS_MEDIC, (uint16_t)sizeof(VOC_BITS_MEDIC), 25, "the medic" },
  { VOC_BITS_MULE, (uint16_t)sizeof(VOC_BITS_MULE), 28, "the mule" },
  { VOC_BITS_SCOUT, (uint16_t)sizeof(VOC_BITS_SCOUT), 27, "the scout" },
  { VOC_BITS_ENDURER, (uint16_t)sizeof(VOC_BITS_ENDURER), 31, "the endurer" },
  { VOC_BITS_JOINS, (uint16_t)sizeof(VOC_BITS_JOINS), 60, "takes up the road with us." },
  { VOC_BITS_LEAVES, (uint16_t)sizeof(VOC_BITS_LEAVES), 102, "walks out, and does not look back." },
  { VOC_BITS_DOWN, (uint16_t)sizeof(VOC_BITS_DOWN), 119, "goes down. and does not get up." },
  { VOC_BITS_NO_ONE, (uint16_t)sizeof(VOC_BITS_NO_ONE), 47, "no one is left." },
  { VOC_BITS_WX0, (uint16_t)sizeof(VOC_BITS_WX0), 165, "the sky clears. small mercy, and brief." },
  { VOC_BITS_WX1, (uint16_t)sizeof(VOC_BITS_WX1), 70, "rain comes in thin and cold." },
  { VOC_BITS_WX2, (uint16_t)sizeof(VOC_BITS_WX2), 82, "a storm walks in off the flats." },
  { VOC_BITS_WX3, (uint16_t)sizeof(VOC_BITS_WX3), 120, "the rain turns wrong. chem burn." },
  { VOC_BITS_WX4, (uint16_t)sizeof(VOC_BITS_WX4), 98, "strangle fog settles in the low ground." },
  { VOC_BITS_WX5, (uint16_t)sizeof(VOC_BITS_WX5), 98, "fog closes the world to arm\'s length." },
  { VOC_BITS_QUAKE, (uint16_t)sizeof(VOC_BITS_QUAKE), 46, "the ground heaves." },
  { VOC_BITS_FIRE, (uint16_t)sizeof(VOC_BITS_FIRE), 24, "fire." },
  { VOC_BITS_FLOOD, (uint16_t)sizeof(VOC_BITS_FLOOD), 37, "flash flood." },
  { VOC_BITS_DARK, (uint16_t)sizeof(VOC_BITS_DARK), 110, "steps off the map, and into the dark." },
  { VOC_BITS_CORRECT, (uint16_t)sizeof(VOC_BITS_CORRECT), 39, "that is correct." },
  { VOC_BITS_INCORRECT, (uint16_t)sizeof(VOC_BITS_INCORRECT), 45, "that is incorrect." },
  { VOC_BITS_LIGHT, (uint16_t)sizeof(VOC_BITS_LIGHT), 45, "back into the light." },
  { VOC_BITS_CLEARED, (uint16_t)sizeof(VOC_BITS_CLEARED), 115, "picked clean. every last piece." },
  { VOC_BITS_STEP_UP, (uint16_t)sizeof(VOC_BITS_STEP_UP), 117, "step right up. step right up." },
  { VOC_BITS_CARAVAN, (uint16_t)sizeof(VOC_BITS_CARAVAN), 54, "the caravan is here." },
  { VOC_BITS_BARGAIN, (uint16_t)sizeof(VOC_BITS_BARGAIN), 80, "a bargain, for the brave." },
  { VOC_BITS_DOOM00, (uint16_t)sizeof(VOC_BITS_DOOM00), 154, "the weight behind you lifts. it has lost the thread." },
  { VOC_BITS_DOOM01, (uint16_t)sizeof(VOC_BITS_DOOM01), 88, "whatever was following has turned away." },
  { VOC_BITS_DOOM02, (uint16_t)sizeof(VOC_BITS_DOOM02), 107, "the air goes quiet. for now." },
  { VOC_BITS_DOOM10, (uint16_t)sizeof(VOC_BITS_DOOM10), 74, "something out there has your scent." },
  { VOC_BITS_DOOM11, (uint16_t)sizeof(VOC_BITS_DOOM11), 148, "the wind changed. it knows which way you went." },
  { VOC_BITS_DOOM12, (uint16_t)sizeof(VOC_BITS_DOOM12), 103, "you left too much of yourself on that ground." },
  { VOC_BITS_DOOM20, (uint16_t)sizeof(VOC_BITS_DOOM20), 97, "everything you gather, it unmakes." },
  { VOC_BITS_DOOM21, (uint16_t)sizeof(VOC_BITS_DOOM21), 78, "it is eating the ground behind you." },
  { VOC_BITS_DOOM22, (uint16_t)sizeof(VOC_BITS_DOOM22), 100, "your work rots as fast as you can do it." },
  { VOC_BITS_DOOM30, (uint16_t)sizeof(VOC_BITS_DOOM30), 118, "it has stopped looking. it is coming." },
  { VOC_BITS_DOOM31, (uint16_t)sizeof(VOC_BITS_DOOM31), 135, "there is no track to follow now. only you." },
  { VOC_BITS_DOOM32, (uint16_t)sizeof(VOC_BITS_DOOM32), 58, "it knows the shape of you." },
  { VOC_BITS_RUN, (uint16_t)sizeof(VOC_BITS_RUN), 21, "run." },
  { VOC_BITS_I_SEE_YOU, (uint16_t)sizeof(VOC_BITS_I_SEE_YOU), 29, "i see you." },
  { VOC_BITS_MINE, (uint16_t)sizeof(VOC_BITS_MINE), 22, "mine." },
  { VOC_BITS_COME_HERE, (uint16_t)sizeof(VOC_BITS_COME_HERE), 27, "come here." },
  { VOC_BITS_WASTELAND, (uint16_t)sizeof(VOC_BITS_WASTELAND), 63, "welcome to the wasteland." },
  { VOC_BITS_SURVIVORS, (uint16_t)sizeof(VOC_BITS_SURVIVORS), 51, "survivors remain." },
};
